name,facility_type,prefecture,city,address,postal_code,latitude,longitude,osm_type,osm_id,website
丸山運動公園陸上競技場,陸上競技場・トラック,北海道,,,,43.5828953,142.4749125,node,9090406780,
共用グラウンド／旭川市東部スケートリンク,陸上競技場・トラック,北海道,,,,43.7599151,142.3890806,way,93203765,https://www.asahikawa-dpc.co.jp/13toubu/toubuindex.html
函館市千代台公園陸上競技場,陸上競技場・トラック,北海道,函館市,函館市 22 24,,41.7862782,140.7451726,way,150386779,zaidan-hakodate.com
平和運動公園陸上競技場,陸上競技場・トラック,北海道,,,,43.0182629,141.9805714,way,156484690,
東山公園陸上競技場,陸上競技場・トラック,北海道,,,,43.1933798,141.7787346,way,183357850,
多目的グラウンド,陸上競技場・トラック,北海道,,,,43.1871376,141.7819335,way,184097315,
倶知安中学校 グラウンド,陸上競技場・トラック,北海道,,,,42.907353,140.7503483,way,196968587,
グラウンド,陸上競技場・トラック,北海道,,,,43.0205146,144.3961772,way,209167931,
陸上競技場,陸上競技場・トラック,北海道,,,,42.8602773,140.8723461,way,226197731,
厚沢部小学校グラウンド,陸上競技場・トラック,北海道,,,,41.9189618,140.2256651,way,240888995,
陸上競技場,陸上競技場・トラック,北海道,,,,41.8477092,140.1332553,way,251595307,
帯広の森陸上競技場,陸上競技場・トラック,北海道,,,,42.8941975,143.1452221,way,265205028,
グラウンド,陸上競技場・トラック,北海道,,,,43.775411,142.460641,way,477488204,
運動場,陸上競技場・トラック,北海道,,,,43.7434327,142.3173051,way,477693038,
柏ヶ丘公園陸上競技場,陸上競技場・トラック,北海道,,,,43.8188103,144.0963038,way,483706736,
網走スポーツトレーニングフィールド・サッカー場,陸上競技場・トラック,北海道,,,,43.9667025,144.2065303,way,488302077,
網走スポーツトレーニングフィールド・ラグビー場,陸上競技場・トラック,北海道,,,,43.9675061,144.2047701,way,488302079,
網走スポーツトレーニングフィールド多目的芝生広場,陸上競技場・トラック,北海道,,,,43.9623608,144.2074476,way,488302087,https://www.ok-abashiri.com/sports_feild.html
深川市陸上競技場,陸上競技場・トラック,北海道,,,,43.7232955,142.0670123,way,502659320,
旭川小中学校 グラウンド,陸上競技場・トラック,北海道,,,,43.769493,142.4405112,way,504398933,
ゲートボール場,陸上競技場・トラック,北海道,,,,43.7985549,143.9094273,way,507679695,
ゲートボール場,陸上競技場・トラック,北海道,,,,43.8252023,144.0890743,way,507990069,
登別市営陸上競技場,陸上競技場・トラック,北海道,,,,42.4177385,141.1104271,way,525072182,
グラウンド,陸上競技場・トラック,北海道,,,,43.0175898,144.2612828,way,542332942,
函館高専総合グラウンド,陸上競技場・トラック,北海道,,,,41.783078,140.8010896,way,578927916,
補助競技場,陸上競技場・トラック,北海道,,,,43.0518902,141.3007745,way,598412716,
運動公園内陸上競技場,陸上競技場・トラック,北海道,,,,42.9751952,140.5322136,way,598769526,
芝生広場,陸上競技場・トラック,北海道,,,,44.042839,143.5181031,way,617732906,
Bコート,陸上競技場・トラック,北海道,,,,44.0438839,143.518724,way,617732907,
Aコート,陸上競技場・トラック,北海道,,,,44.0441883,143.5177228,way,617732908,
東陵公園陸上競技場,陸上競技場・トラック,北海道,,,,43.8193561,143.8988466,way,653496902,
砂川市営競技場,陸上競技場・トラック,北海道,,,,43.4777193,141.9094286,way,678333442,
浦河町総合グラウンド,陸上競技場・トラック,北海道,,,,42.1793944,142.7590816,way,682835806,
町民グラウンド,陸上競技場・トラック,北海道,,,,42.5839114,140.7133364,way,701661944,
阿寒町多目的広場,陸上競技場・トラック,北海道,,,,43.1138589,144.1200022,way,785109831,
多目的フィールド,陸上競技場・トラック,北海道,,,,43.1875878,141.7794634,way,826371981,
栗原学園グラウンド,陸上競技場・トラック,北海道,,,,43.7978947,143.8873729,way,975669749,
網走市営陸上競技場,陸上競技場・トラック,北海道,網走市,網走市 1丁目,093-0035,44.0051611,144.2698967,way,1111798426,
阿寒町多種目競技広場,陸上競技場・トラック,北海道,,,,43.1114707,144.1211474,way,1301975103,
ふれあい広場グラウンド,陸上競技場・トラック,北海道,,,,42.5207726,142.0326448,way,1378274548,
陸上競技場,陸上競技場・トラック,北海道,,,,43.0798721,141.3336575,relation,12379448,
中標津町運動公園 スピードスケート場/アイスホッケー場,陸上競技場・トラック,北海道,,,,43.5435265,144.9543053,relation,16458594,
三笠市営陸上競技場,陸上競技場・トラック,北海道,,,,43.2470915,141.8889568,relation,19684150,
宮園公園スケートリンク,陸上競技場・トラック,北海道,,,,43.0685304,144.8236364,relation,19765775,
苫小牧緑ヶ丘公園陸上競技場,陸上競技場・トラック,北海道,,,,42.6556779,141.5950899,relation,19984592,
市営陸上競技場,陸上競技場・トラック,青森県,,,,40.6098189,141.2058952,node,2392380611,
陸上競技場,陸上競技場・トラック,青森県,,,,40.6694368,140.5937897,way,110681708,
ひばり野陸上競技場,陸上競技場・トラック,青森県,,,,40.5108019,141.3320816,way,111137994,
サンドーム,陸上競技場・トラック,青森県,,,,40.7983167,140.7522745,way,345282551,
ふるさと運動公園陸上競技場,陸上競技場・トラック,青森県,,,,40.4254366,141.3303778,way,349994985,
青森県立八戸工業高等学校屋内総合運動場,競技場,青森県,,,,40.5160555,141.4988865,way,360726645,
弘前市運動公園陸上競技場,陸上競技場・トラック,青森県,,,,40.5905675,140.5050937,way,445082886,
Red Top Track,陸上競技場・トラック,青森県,,,,40.6956995,141.3541977,way,454616491,
八戸市東陸上競技場,陸上競技場・トラック,青森県,,,,40.503258,141.5441232,way,554170299,
八戸東高校 第２グラウンド,陸上競技場・トラック,青森県,,,,40.5042442,141.5048342,way,554218823,
南郷陸上競技場,陸上競技場・トラック,青森県,,,,40.4067023,141.4321357,way,556254785,
青森総合運動公園陸上競技場,陸上競技場・トラック,青森県,,,,40.8064592,140.7079125,way,651488709,
陸上競技場,陸上競技場・トラック,青森県,,,,40.5836848,140.577839,way,753599430,
カクヒログループ アスレチックスタジアム,競技場,青森県,青森市,青森市 22 2,039-3505,40.8389976,140.8413829,way,834087572,http://www.sport-aoimori.jp/new_athletic_park/track_field.html
平内町営陸上競技場,陸上競技場・トラック,青森県,,,,40.9251378,140.9512127,way,1304973275,
弘前公園 レクリエーション広場,陸上競技場・トラック,青森県,,,,40.610863,140.4677166,relation,17269034,
陸上競技場,陸上競技場・トラック,岩手県,,,,38.9189079,141.1248713,node,4763297013,
陸上競技場,陸上競技場・トラック,岩手県,,,,39.7388089,141.1210823,way,51806168,
陸上トラック,陸上競技場・トラック,岩手県,,,,39.6848374,141.112958,way,374551743,
陸上競技場,陸上競技場・トラック,岩手県,,,,40.2016934,141.2924285,way,426305033,
盛岡市渋民運動公園陸上競技場,陸上競技場・トラック,岩手県,,,,39.8511721,141.1671281,way,585161933,
金ケ崎町森山総合公園 陸上競技場,陸上競技場・トラック,岩手県,,,,39.210214,141.0925115,way,620654179,
北上第1運動場 (投てき場),陸上競技場・トラック,岩手県,,,,39.2575358,141.0935259,way,675485275,
旧貝沢小学校グラウンド,陸上競技場・トラック,岩手県,,,,39.5479811,140.8440715,way,741748741,
サンディスクスタジアムきたかみ (北上陸上競技場),陸上競技場・トラック,岩手県,北上市,北上市,,39.2581444,141.0959764,way,1321827614,
北上補助陸上競技場,陸上競技場・トラック,岩手県,,,,39.2582557,141.0980315,way,1321827670,
北上市民岩崎陸上競技場,陸上競技場・トラック,岩手県,北上市,北上市 18地割,,39.2804205,141.0424115,way,1528982513,
宮城県自転車競技場,陸上競技場・トラック,宮城県,,,,38.4241062,140.865102,node,5861325205,
キューアンドエースタジアムみやぎ,競技場,宮城県,,,,38.3353798,140.9502898,way,103894920,
校庭,陸上競技場・トラック,宮城県,,,,38.3281963,140.9234977,way,290834236,
グラウンド,陸上競技場・トラック,宮城県,,,,38.2757663,140.7533117,way,294181526,
青葉山グラウンド,陸上競技場・トラック,宮城県,,,,38.2564002,140.8366708,way,345485431,
岩沼市陸上競技場,陸上競技場・トラック,宮城県,,,,38.1058669,140.8756257,way,443783722,
東北学院総合運動場 ベガルタ仙台フィールド,陸上競技場・トラック,宮城県,,,,38.3272705,140.9029201,way,866619185,
陶芸の里スポーツ公園陸上競技場,陸上競技場・トラック,宮城県,,,,38.6138407,140.7485275,way,1008816679,
築館総合運動公園 陸上競技場,陸上競技場・トラック,宮城県,,,,38.7225852,141.0099166,way,1049846862,
栗駒陸上競技場 サンスポーツランド栗駒,陸上競技場・トラック,宮城県,,,,38.8385623,141.0034927,way,1061881497,
市民陸上競技場,陸上競技場・トラック,宮城県,,,,38.1592094,140.8665503,relation,16233175,
ペースメーカー,陸上競技場・トラック,宮城県,,,,38.3201583,140.8779121,relation,17323583,
鷹巣陸上競技場,陸上競技場・トラック,秋田県,,,,40.234299,140.3572023,node,7057465751,
本荘南中学校グラウンド,陸上競技場・トラック,秋田県,,,,39.3835156,140.0358579,way,247833114,
秋田県立中央公園陸上競技場,陸上競技場・トラック,秋田県,,,,39.6237947,140.2061904,way,341477940,
フィールドアスレチック,陸上競技場・トラック,秋田県,,,,39.6214705,140.2269791,way,373724960,
補助陸上競技場,陸上競技場・トラック,秋田県,,,,39.6232417,140.2087108,way,373746779,
フィールドアスレチック,陸上競技場・トラック,秋田県,,,,39.6210264,140.2306932,way,373755558,
秋田県立新屋運動広場,陸上競技場・トラック,秋田県,,,,39.675396,140.0993156,way,496270760,
グラウンド,陸上競技場・トラック,秋田県,,,,39.7113135,140.1560586,way,582461857,
大内農村広場,陸上競技場・トラック,秋田県,,,,39.4365708,140.084667,way,625958943,
長根山運動公園陸上競技場,陸上競技場・トラック,秋田県,,,,40.2750906,140.5856595,way,663818830,http://bunkyo-osp.com/
陸上競技場兼サッカー場,陸上競技場・トラック,秋田県,,,,39.3924128,140.071848,way,736714035,
三輪陸上競技場,陸上競技場・トラック,秋田県,,,,39.1977975,140.4412273,way,769816476,
サッカー場/ラグビー場,陸上競技場・トラック,秋田県,,,,39.7989695,140.0473974,way,778002635,
十文字陸上競技場,陸上競技場・トラック,秋田県,横手市,横手市 字坊主沢 20 1,0190508,39.2358898,140.5184643,way,1321354205,https://www.city.yokote.lg.jp/shisetsu/1001526/1002573.html
雄物川陸上競技場,陸上競技場・トラック,秋田県,横手市,横手市 字兵部ケ沢 42 1,0130208,39.2996114,140.4065329,way,1321431864,https://www.city.yokote.lg.jp/shisetsu/1001526/1002590.html
湯沢市稲川陸上競技場,陸上競技場・トラック,秋田県,,,,39.1448507,140.5732225,way,1321434301,https://www.city-yuzawa.jp/soshiki/85/498.html
能代市陸上競技場,陸上競技場・トラック,秋田県,能代市,能代市 末広町 66 1,0160896,40.2109169,140.0159443,way,1321583662,
浅舞陸上競技場,陸上競技場・トラック,秋田県,横手市,横手市 字道川南 19 1,0130105,39.2595441,140.5041046,way,1334480895,https://www.city.yokote.lg.jp/shisetsu/1001526/1002547.html
元木山陸上競技場,陸上競技場・トラック,秋田県,,,,39.8614934,140.0701935,relation,3732393,
小坂町営陸上競技場,陸上競技場・トラック,秋田県,,,,40.3274556,140.7422476,relation,6664724,
陸上競技場,陸上競技場・トラック,秋田県,,,,39.798975,140.0473683,relation,10781475,
陸上競技場,陸上競技場・トラック,秋田県,,,,40.1884739,140.8178158,relation,11015993,
寒河江市競技場,陸上競技場・トラック,山形県,,,,38.3853204,140.2700902,node,4008924580,
小真木原陸上競技場,陸上競技場・トラック,山形県,,,,38.7136364,139.8150021,way,377970268,
鶴岡東高等学校グラウンド,陸上競技場・トラック,山形県,,,,38.7319108,139.8443932,way,411588007,
高畠町中央公園陸上競技場,陸上競技場・トラック,山形県,高畠町,高畠町 大字高畠 1210,,37.9975721,140.2055773,way,470435898,
山形県立庄内農業高等学校グラウンド,陸上競技場・トラック,山形県,,,,38.7715348,139.8987001,way,814054001,
羽黒体育館,陸上競技場・トラック,山形県,鶴岡市,鶴岡市 29 1,997-0141,38.7172555,139.8996457,way,850005826,http://www.city.tsuruoka.lg.jp/bunka/sports/sports-shisetsu/sportshagurotaiikuka.html
あかねヶ丘陸上競技場,陸上競技場・トラック,山形県,,,,38.2468539,140.3103008,way,996563504,
新庄市陸上競技場,陸上競技場・トラック,山形県,,,,38.7599259,140.3184227,way,1238788550,
米沢市営 陸上競技場サブグラウンド,陸上競技場・トラック,山形県,,,,37.8946964,140.124363,way,1433487638,
米沢市営 陸上競技場,陸上競技場・トラック,山形県,,,,37.8931418,140.1238338,way,1433505094,
陸上競技場,陸上競技場・トラック,福島県,,,,37.4625632,139.927345,node,2339800812,
とうほう・みんなのスタジアム,競技場,福島県,,,,37.7232646,140.3613025,node,2602824257,
補助陸上競技場,陸上競技場・トラック,福島県,,,,37.7208037,140.3610636,node,2602825832,
開成山陸上競技場,陸上競技場・トラック,福島県,,,,37.398062,140.3612963,node,3105260658,
多目的運動広場,競技場,福島県,,,,37.7248006,140.3632065,way,105833007,
上荒川陸上競技場,陸上競技場・トラック,福島県,,,,37.032075,140.8975481,way,190594881,
多目的グラウンド,陸上競技場・トラック,福島県,,,,37.0189739,140.8642445,way,229418989,
小松原多目的運動場,陸上競技場・トラック,福島県,会津若松市,会津若松市 字舘ノ内 717,,37.4710021,139.8825972,way,231800592,
大川南四合緑地（水辺の楽校）多目的広場,陸上競技場・トラック,福島県,会津若松市,会津若松市,,37.4977104,139.8912551,way,231896857,
屋外訓練場,陸上競技場・トラック,福島県,,,,37.7108932,140.3717716,way,242507932,
スポーツイベント広場,陸上競技場・トラック,福島県,,,,37.7170894,140.3552209,way,243546118,
ミニ多目的広場,陸上競技場・トラック,福島県,,,,37.7184985,140.3565471,way,243546120,
陸上競技場・サッカー場,陸上競技場・トラック,福島県,,,,37.5635405,140.0822756,way,252836943,
町営 陸上競技場,陸上競技場・トラック,福島県,,,,37.2479661,140.3581565,way,276160768,
いわき市民運動競技場,陸上競技場・トラック,福島県,,,,36.9497194,140.8493891,way,426310911,
パドック,陸上競技場・トラック,福島県,,,,37.7650921,140.4799201,way,554109087,
バンケット,陸上競技場・トラック,福島県,,,,37.7645668,140.4826207,way,554109089,
雲雀ヶ原陸上競技場,陸上競技場・トラック,福島県,,,,37.6217458,140.9578515,way,829050510,
多目的競技場,陸上競技場・トラック,福島県,,,,37.1982957,139.7585276,relation,4071681,
信夫ケ丘競技場,陸上競技場・トラック,福島県,,,,37.7752417,140.4914506,relation,15447323,
陸上競技場,陸上競技場・トラック,茨城県,,,,36.3917927,140.5860185,node,822350230,
茨城県立水戸南高等学校 グラウンド,陸上競技場・トラック,茨城県,,,,36.3607528,140.4785675,way,95110613,
茨城県立水戸第三高校 テニスコート,陸上競技場・トラック,茨城県,,,,36.3738078,140.4823584,way,298258627,
大宮運動公園 多目的広場,陸上競技場・トラック,茨城県,,,,36.5740541,140.4000921,way,468169505,
多目的グラウンド,陸上競技場・トラック,茨城県,,,,36.1012104,140.1087133,way,486983044,
虹の広場,陸上競技場・トラック,茨城県,,,,36.1143582,140.098584,way,486988608,
日立市市民運動公園 陸上競技場,陸上競技場・トラック,茨城県,,,,36.5758152,140.648617,way,608078674,
日立製作所国分グラウンド,陸上競技場・トラック,茨城県,,,,36.5616788,140.6402258,way,627188980,
春日グランド,陸上競技場・トラック,茨城県,,,,36.0869557,140.1044682,way,767763306,
多目的グラウンド,陸上競技場・トラック,茨城県,,,,36.1041256,140.1120702,way,1064080731,
足利市総合運動公園 陸上競技場,陸上競技場・トラック,栃木県,,,,36.344884,139.460869,way,146162732,
馬頭運動場,陸上競技場・トラック,栃木県,,,,36.7421298,140.1645318,way,170354547,
下田原運動場,陸上競技場・トラック,栃木県,,,,36.619381,139.9233651,way,185495235,
屋板運動場,陸上競技場・トラック,栃木県,,,,36.5210324,139.8955368,way,196343034,
陸上競技場,陸上競技場・トラック,栃木県,,,,36.4625417,139.8097243,way,198520910,
土塔二グラウンド,陸上競技場・トラック,栃木県,,,,36.3013439,139.8243605,way,439261140,
佐野東高校グラウンド,陸上競技場・トラック,栃木県,,,,36.3126361,139.586339,way,467874064,
西方南グラウンド,陸上競技場・トラック,栃木県,,,,36.456968,139.7576325,way,481201114,
カンセキスタジアムとちぎ,競技場,栃木県,宇都宮市,宇都宮市 西川田2丁目 4番地,321-0152,36.5150197,139.8574534,way,1025951191,
栃木県総合運動公園 第2陸上競技場,陸上競技場・トラック,栃木県,,,,36.510418,139.8571467,way,1327267263,
多目的広場,陸上競技場・トラック,群馬県,,,,36.3466266,139.2555553,node,4528483445,
正田醤油スタジアム群馬,競技場,群馬県,,,,36.4116074,139.0531889,way,122482944,
浜川競技場,競技場,群馬県,,,,36.3662765,138.9877729,way,178175894,
高崎経済大学附属高等学校グラウンド,陸上競技場・トラック,群馬県,,,,36.3686112,138.9843083,way,178175972,
陸上競技場,陸上競技場・トラック,群馬県,,,,36.4098417,139.3247387,way,243544319,
補助競技場,陸上競技場・トラック,群馬県,,,,36.3411899,139.1930704,way,252838705,
補助グランド,陸上競技場・トラック,群馬県,,,,36.4481965,139.1780933,way,306973565,
陸上競技場,陸上競技場・トラック,群馬県,,,,36.4459079,139.1759753,way,307242786,
陸上競技場,陸上競技場・トラック,群馬県,,,,36.3415232,139.1951679,way,315098941,
陸上競技場,陸上競技場・トラック,群馬県,,,,36.2716325,138.8692979,way,342653451,
バッテリーカー,陸上競技場・トラック,群馬県,,,,36.3183659,139.3672569,way,791213280,
多目的芝生広場,陸上競技場・トラック,埼玉県,,,,36.0004563,139.6576774,node,4526446653,
自由広場,陸上競技場・トラック,埼玉県,,,,36.0041619,139.651509,node,4526446920,
ニュースポーツエリア,陸上競技場・トラック,埼玉県,,,,35.8519454,139.5991248,node,4553999358,
生涯スポーツエリア,陸上競技場・トラック,埼玉県,,,,35.8516677,139.6004069,node,4553999537,
三ツ池グラウンド,陸上競技場・トラック,埼玉県,,,,35.8504146,139.6017567,node,4553999633,
希望のくにグラウンド,陸上競技場・トラック,埼玉県,,,,35.8487473,139.6033393,node,4553999655,
多目的広場,陸上競技場・トラック,埼玉県,,,,35.9500602,139.7083229,node,4813141511,
さきたま広場,陸上競技場・トラック,埼玉県,,,,36.1276152,139.4741875,node,4855361557,
多目的広場,陸上競技場・トラック,埼玉県,,,,36.005511,139.7150445,node,4959979446,
小広場,陸上競技場・トラック,埼玉県,,,,36.0047776,139.7163239,node,4959979447,
いこいの広場,陸上競技場・トラック,埼玉県,,,,35.986714,139.6090892,node,5162295245,
桜の広場,陸上競技場・トラック,埼玉県,,,,36.0233112,139.769543,node,5214703366,
ひだまり広場,陸上競技場・トラック,埼玉県,,,,36.0251583,139.7680342,node,5214703840,
芝生運動広場,陸上競技場・トラック,埼玉県,,,,36.0780835,139.369635,node,5659066163,
陸上競技場,陸上競技場・トラック,埼玉県,,,,35.8337172,139.3917214,node,5942235222,
eスポーツ教室 eSPアカデミー北浦和校,陸上競技場・トラック,埼玉県,,,,35.8717797,139.6450345,node,13916709305,
さいたまスーパーアリーナ,競技場,埼玉県,さいたま市,さいたま市 中央区 8,330-0081,35.8949531,139.630967,way,23876795,http://www.saitama-arena.co.jp/
山村学園月吉グランド,陸上競技場・トラック,埼玉県,,,,35.9187108,139.4705324,way,36770398,
市民グランド,陸上競技場・トラック,埼玉県,,,,35.9317205,139.4868484,way,44026227,
学校法人星野学園グランド,陸上競技場・トラック,埼玉県,,,,35.9288073,139.4685464,way,44820741,
大沼陸上競技場,陸上競技場・トラック,埼玉県,,,,35.9649085,139.7492356,way,119287112,
御稜威ケ原フィールド,陸上競技場・トラック,埼玉県,,,,36.1647032,139.3072399,way,125987485,
御稜威ケ原フィールド,陸上競技場・トラック,埼玉県,,,,36.1646569,139.3080398,way,125987499,
総合グラウンド,陸上競技場・トラック,埼玉県,,,,35.9829832,139.3699764,way,128510856,
多目的広場,陸上競技場・トラック,埼玉県,,,,36.0115611,139.6487815,way,132503645,
いこいの広場,陸上競技場・トラック,埼玉県,,,,35.9638827,139.3025366,way,158222442,
川島町民体育館,陸上競技場・トラック,埼玉県,,,,35.9912465,139.484889,way,159800042,
越谷ゴルフ,陸上競技場・トラック,埼玉県,,,,35.8616127,139.7817238,way,165289176,
狭山ゆうとグラウンド,陸上競技場・トラック,埼玉県,,,,35.8665128,139.40555,way,171636054,
陸上競技場,陸上競技場・トラック,埼玉県,,,,35.8605629,139.6067824,way,207324794,
熊谷高校校庭,陸上競技場・トラック,埼玉県,,,,36.1547721,139.3809892,way,296596809,
学校法人星野学園野球場,陸上競技場・トラック,埼玉県,,,,35.928631,139.4701976,way,383233460,
補助陸上競技場,陸上競技場・トラック,埼玉県,,,,36.1663589,139.4119937,way,385185042,
陸上競技場,陸上競技場・トラック,埼玉県,,,,36.0261872,139.7106548,way,387795928,
巾着田グラウンド,陸上競技場・トラック,埼玉県,,,,35.8827904,139.3120406,way,388275544,
蓮田松韻高校グラウンド,陸上競技場・トラック,埼玉県,,,,35.9995981,139.6752338,way,453704411,
多目的グラウンド,陸上競技場・トラック,埼玉県,,,,35.9919187,139.5252843,way,459329602,
トーモクグラウンド,陸上競技場・トラック,埼玉県,,,,35.993114,139.6739717,way,464477533,
陸上競技場,陸上競技場・トラック,埼玉県,,,,36.0829697,139.7520945,way,476109609,
多目的広場,陸上競技場・トラック,埼玉県,,,,36.177439,139.2737967,way,476958410,
仙元山運動公園陸上競技場,陸上競技場・トラック,埼玉県,,,,36.174989,139.2714615,way,476958464,
多目的広場,陸上競技場・トラック,埼玉県,,,,36.1747389,139.268782,way,476958477,
人間総合科学大学運動場,陸上競技場・トラック,埼玉県,,,,35.969292,139.6573472,way,483619852,
運動場,陸上競技場・トラック,埼玉県,,,,36.0152719,139.6783856,way,485833697,
多目的広場,陸上競技場・トラック,埼玉県,,,,36.0142415,139.6827259,way,485833755,
陸上競技場,陸上競技場・トラック,埼玉県,,,,36.0142825,139.6810163,way,485833761,
サブグランド,陸上競技場・トラック,埼玉県,,,,36.0132951,139.680254,way,485833772,
運動場,陸上競技場・トラック,埼玉県,,,,36.013655,139.6888675,way,489777935,
多目的広場,陸上競技場・トラック,埼玉県,,,,36.0440566,139.5522356,way,493882208,
RCカーコース,陸上競技場・トラック,埼玉県,,,,35.8720776,139.4105598,way,506984061,
町民グラウンド,陸上競技場・トラック,埼玉県,,,,35.9944245,139.1058772,way,539641668,
町民グラウンド,陸上競技場・トラック,埼玉県,,,,35.9942375,139.1069499,way,539641669,
埼玉県上尾運動公園陸上競技場,陸上競技場・トラック,埼玉県,,,,35.968996,139.6010103,way,561785464,
球技広場,陸上競技場・トラック,埼玉県,,,,36.1114979,139.7248735,way,578981167,
川島町総合運動場,陸上競技場・トラック,埼玉県,,,,35.9900619,139.4846407,way,591556986,
加須はさなき公園多目的グラウンド,陸上競技場・トラック,埼玉県,,,,36.1044702,139.6250183,way,594298976,
東松山陸上競技場,陸上競技場・トラック,埼玉県,,,,36.0530792,139.4133698,way,616422723,
多目的グラウンド,陸上競技場・トラック,埼玉県,,,,35.8624644,139.7465682,way,624703723,
熊谷スポーツ文化公園陸上競技場,陸上競技場・トラック,埼玉県,,,,36.163859,139.4109428,way,624714617,
荒川久下緑地グラウンド,陸上競技場・トラック,埼玉県,,,,36.1252053,139.4009575,way,695996856,
芝浦工業大学総合グラウンド,陸上競技場・トラック,埼玉県,,,,35.9525962,139.6561432,way,741970554,
ふじみ野市⽴スポーツセンター多⽬的グラウンド,陸上競技場・トラック,埼玉県,,,,35.8446783,139.4882655,way,903590612,
山田宏臣記念陸上競技場,陸上競技場・トラック,埼玉県,,,,35.9400548,139.5981779,way,966804246,
宮ケ谷戸総合グラウンド,陸上競技場・トラック,埼玉県,,,,35.9133914,139.3312279,way,996594749,
元郷避難広場,陸上競技場・トラック,埼玉県,,,,35.7971941,139.7352992,way,1007213380,
入間基地病院グラウンド陸上競技場,陸上競技場・トラック,埼玉県,,,,35.8362996,139.4023569,way,1280348818,
鶴馬1丁目多目的広場,陸上競技場・トラック,埼玉県,,,,35.8489828,139.5439083,way,1287953989,
西坂戸運動場,陸上競技場・トラック,埼玉県,,,,35.9262613,139.3312312,way,1352852884,
北入西運動公園,陸上競技場・トラック,埼玉県,,,,35.9786259,139.374017,way,1356534776,
北入西運動公園,陸上競技場・トラック,埼玉県,,,,35.9782449,139.3723474,way,1356534777,
唐子中央公園中央公園多目的広場,陸上競技場・トラック,埼玉県,,,,36.0270949,139.3640802,way,1395351309,
上唐子運動広場,陸上競技場・トラック,埼玉県,,,,36.0337502,139.3366036,way,1410867875,
競技トラック,陸上競技場・トラック,埼玉県,,,,35.9905051,139.8019746,relation,6995649,
陸上競技場,陸上競技場・トラック,埼玉県,,,,36.1638671,139.4110049,relation,8678075,
陸上競技場,陸上競技場・トラック,埼玉県,,,,36.1096049,139.3637902,relation,16253883,
陸上競技場,陸上競技場・トラック,埼玉県,,,,35.8205646,139.6658224,relation,19901286,https://toda-zaidan.org/sportscenter/shisetsu_sc/fieldtrack/
乗馬クラブ クレイン千葉,陸上競技場・トラック,千葉県,,,,35.608235,140.201429,node,3699251962,
県立船橋高等学校グラウンド,陸上競技場・トラック,千葉県,,,,35.6956278,140.004678,way,55679262,
あすみが丘野球グランド,陸上競技場・トラック,千葉県,,,,35.52929,140.2621409,way,111675098,
運動公園陸上競技場,陸上競技場・トラック,千葉県,,,,35.7306219,139.9965791,way,172090478,
まちかどスポーツ広場「金杉」,陸上競技場・トラック,千葉県,,,,35.7328195,140.0045192,way,207814604,
四街道総合公園多目的運動場,陸上競技場・トラック,千葉県,,,,35.6547777,140.1899118,way,217643525,https://www.city.yotsukaido.chiba.jp/kurashi/shisetsu/sports/tamokutekiundouzyo.html
鴨川市陸上競技場,陸上競技場・トラック,千葉県,,,,35.112004,140.0788625,way,228086896,
オフロード印西 デコボコランド,陸上競技場・トラック,千葉県,,,,35.8335919,140.1659404,way,264275638,
千葉市高洲高齢者スポーツ施設,陸上競技場・トラック,千葉県,,,,35.6252243,140.0644348,way,319963926,
まちかどスポーツ広場「旭町」,陸上競技場・トラック,千葉県,,,,35.7262812,139.985793,way,449195315,
高齢者スポーツ広場,陸上競技場・トラック,千葉県,,,,35.6605057,140.0810541,way,460739628,
習志野みのり幼稚園運動場,陸上競技場・トラック,千葉県,,,,35.6882105,140.0398248,way,469844448,
六実スポーツ広場,陸上競技場・トラック,千葉県,,,,35.7932577,139.9938252,way,640462102,
東京聖栄大学船橋グラウンド,陸上競技場・トラック,千葉県,,,,35.7595908,140.0345754,way,641032591,
オールサムズビーチスポーツパーク,陸上競技場・トラック,千葉県,,,,35.7320372,139.9912309,way,641933844,
青葉の森スポーツプラザ陸上競技場,陸上競技場・トラック,千葉県,,,,35.5949989,140.1450666,way,713365335,
貞元グラウンド,陸上競技場・トラック,千葉県,,,,35.3221849,139.9036306,way,724183765,
小出義雄記念陸上競技場,陸上競技場・トラック,千葉県,,,,35.7391548,140.2241773,way,967038376,
安田学園鎌ヶ谷総合グラウンド,陸上競技場・トラック,千葉県,,,,35.7855558,140.0108305,way,1011457113,
ふじ第二幼稚園運動場,陸上競技場・トラック,千葉県,,,,35.7493247,139.9843278,way,1020582838,
オーエンス陸上競技場,陸上競技場・トラック,千葉県,,,,35.4106319,139.9130584,way,1070936385,
八千代市総合グラウンド,陸上競技場・トラック,千葉県,,,,35.730778,140.1129441,way,1078280547,
青梅市民球技場,陸上競技場・トラック,東京都,,,,35.7770568,139.2912076,node,1611946305,http://www.city.ome.tokyo.jp/taiiku/shimin_kyujo.html
友田レクリエーション広場,陸上競技場・トラック,東京都,,,,35.7750069,139.2842242,node,1631269793,
永山公園総合運動場,陸上競技場・トラック,東京都,,,,35.7917622,139.2603323,node,1657233011,
陸上競技場,陸上競技場・トラック,東京都,,,,35.7844911,139.6555718,node,2609493934,
フィールド アスレチックコース,陸上競技場・トラック,東京都,,,,35.7583293,139.422907,node,4396814943,
競技場,陸上競技場・トラック,東京都,,,,35.7494398,139.6215531,node,6520542713,
杉野学園グラウンド,陸上競技場・トラック,東京都,,,,35.6467155,139.4223973,node,11552548550,
bicycle track for kids,陸上競技場・トラック,東京都,,,,35.6864049,139.6355054,node,12458853898,
東京ドーム,競技場,東京都,文京区,文京区 後楽一丁目 3 61,112-0004,35.7055141,139.7519654,way,20028328,
体育館,競技場,東京都,,,,35.6258011,139.3450103,way,27557634,
多目的グラウンド,陸上競技場・トラック,東京都,,,,35.6284719,139.3383583,way,28484273,
三菱電機ビルソリューションズ・グランド,陸上競技場・トラック,東京都,,,,35.7286928,139.5041395,way,53754099,
武蔵野大学グラウンド,陸上競技場・トラック,東京都,,,,35.7198318,139.5006188,way,55054738,
武蔵川公園 ボール遊広場,陸上競技場・トラック,東京都,,,,35.7062735,139.5379373,way,59277421,
丸井グラウンド,陸上競技場・トラック,東京都,,,,35.7329557,139.5037186,way,59608916,
東亜学園グラウンド,陸上競技場・トラック,東京都,,,,35.7372732,139.5139547,way,59922337,
江戸川区陸上競技場,陸上競技場・トラック,東京都,,,,35.6552184,139.852602,way,71265989,
運動広場,陸上競技場・トラック,東京都,,,,35.7051991,139.71542,way,94177760,
上柚木公園陸上競技場,陸上競技場・トラック,東京都,,,,35.6193897,139.3700958,way,95490725,
六義公園運動場,陸上競技場・トラック,東京都,,,,35.7314474,139.7464049,way,131931102,
三種公認陸上競技場,陸上競技場・トラック,東京都,,,,35.7309174,139.300249,way,134301961,
有明コロシアム,競技場,東京都,,,,35.6364632,139.7901005,way,149130179,
向台運動場,陸上競技場・トラック,東京都,,,,35.7214775,139.5297283,way,152464579,
宮の下運動公園,陸上競技場・トラック,東京都,,,,35.7584778,139.3011551,way,164340381,
武蔵台少年野球場,陸上競技場・トラック,東京都,,,,35.6886898,139.4607592,way,184574907,
グラウンド,陸上競技場・トラック,東京都,,,,35.6761767,139.5377662,way,187943393,
成城学園第一グラウンド,陸上競技場・トラック,東京都,,,,35.6445001,139.6017419,way,215588687,
陸上競技場,陸上競技場・トラック,東京都,,,,35.6923978,139.4434987,way,229032995,
駒沢オリンピック公園総合運動場陸上競技場,陸上競技場・トラック,東京都,,,,35.6255783,139.6635754,way,229538469,
瑞穂ビューパーク競技場,陸上競技場・トラック,東京都,,,,35.7752138,139.3551899,way,238060872,
J&Sフィールド,陸上競技場・トラック,東京都,,,,35.6619038,139.5951595,way,248409715,
田園調布学園運動場,陸上競技場・トラック,東京都,,,,35.594072,139.6771769,way,257193602,
多目的広場 (1),陸上競技場・トラック,東京都,,,,35.5897475,139.6702108,way,260551160,
運動広場,陸上競技場・トラック,東京都,,,,35.568864,139.68144,way,263587252,
多摩市立陸上競技場,陸上競技場・トラック,東京都,,,,35.625009,139.4602871,way,286198905,
多目的広場,陸上競技場・トラック,東京都,,,,35.692104,139.9135056,way,296119263,
相原中央公園 多目的広場,陸上競技場・トラック,東京都,,,,35.6088211,139.3206753,way,332382665,
府中市民陸上競技場,陸上競技場・トラック,東京都,,,,35.6773125,139.475216,way,340558365,
陸上競技場,陸上競技場・トラック,東京都,,,,35.6401501,139.4002356,way,341776388,
陸上競技場,陸上競技場・トラック,東京都,,,,35.5942161,139.75374,way,360993590,
東京外国語大学陸上競技場,陸上競技場・トラック,東京都,,,,35.6726718,139.5208179,way,381694983,
金井スポーツ広場,陸上競技場・トラック,東京都,,,,35.5758426,139.4569386,way,381744601,
大門３丁目運動広場,陸上競技場・トラック,東京都,,,,35.7939207,139.2948153,way,383401494,
シクラメンスポーツ公園,陸上競技場・トラック,東京都,,,,35.7838274,139.3377715,way,390778615,
法政大学陸上競技場,陸上競技場・トラック,東京都,,,,35.6182826,139.2912315,way,442708294,
Children's Square,陸上競技場・トラック,東京都,,,,35.7172255,139.5896127,way,477833237,
陸上競技場,陸上競技場・トラック,東京都,,,,35.6229231,139.3844891,way,545834686,
武蔵野陸上競技場,陸上競技場・トラック,東京都,,,,35.7174073,139.5683737,way,569646178,
小曾木市民センター 運動広場,陸上競技場・トラック,東京都,,,,35.8174226,139.2749865,way,577445502,
黒沢１丁目第２運動広場,陸上競技場・トラック,東京都,,,,35.8143465,139.2645159,way,577760937,
黒沢中央運動場,陸上競技場・トラック,東京都,,,,35.8123661,139.2589469,way,577760939,
梅郷6丁目運動広場,陸上競技場・トラック,東京都,,,,35.7912749,139.2175953,way,616091487,
梅郷5丁目運動広場,陸上競技場・トラック,東京都,,,,35.7907499,139.2240835,way,616091496,
長淵8丁目運動広場,陸上競技場・トラック,東京都,,,,35.7794469,139.2615614,way,616091513,
駒木町１丁目運動広場,陸上競技場・トラック,東京都,青梅市,青梅市 1 9 1,198-0053,35.7822797,139.254705,way,616091515,
長淵3丁目運動広場,陸上競技場・トラック,東京都,,,,35.7804229,139.2757348,way,616107030,
柚木町運動広場,陸上競技場・トラック,東京都,,,,35.7997704,139.2122919,way,616107039,
柚木町3丁目運動広場,陸上競技場・トラック,東京都,,,,35.8013155,139.2080889,way,616107042,
黒沢3丁目第2運動広場,陸上競技場・トラック,東京都,,,,35.7995061,139.2545998,way,617576416,
友田自治会館運動広場,陸上競技場・トラック,東京都,,,,35.771836,139.2888904,way,617576421,
友田町中央運動広場,陸上競技場・トラック,東京都,,,,35.7707637,139.2897085,way,617576432,
天ケ瀬運動広場,陸上競技場・トラック,東京都,,,,35.788471,139.2507661,way,636500836,
杉野学園グラウンド,陸上競技場・トラック,東京都,,,,35.6465729,139.4224084,way,637675637,
相原中央グラウンド,陸上競技場・トラック,東京都,,,,35.6103414,139.3177086,way,663308107,
多目的運動場,陸上競技場・トラック,東京都,,,,35.7776176,139.5898593,way,673102901,
有明アリーナ,競技場,東京都,,,,35.643429,139.7944021,way,746064107,
野上町２丁目運動広場,陸上競技場・トラック,東京都,青梅市,青梅市 2 222,,35.7944671,139.2884732,way,746316694,
今寺四丁目運動広場,陸上競技場・トラック,東京都,,,,35.7956089,139.2999519,way,762825454,
スポーツ広場,陸上競技場・トラック,東京都,,,,35.6970255,139.656751,way,820384617,
国士舘大学 陸上競技場,陸上競技場・トラック,東京都,,,,35.6089471,139.4496646,way,825019133,
帝京大学八王子キャンパス 陸上競技場,陸上競技場・トラック,東京都,,,,35.6439472,139.4227601,way,847529148,
今寺１丁目運動広場,陸上競技場・トラック,東京都,青梅市,青梅市 1 542 5,198-0021,35.8009944,139.2943671,way,929752871,
千ケ瀬町2丁目運動広場,陸上競技場・トラック,東京都,,,,35.7844708,139.2752797,way,937057248,
大門第１運動広場,陸上競技場・トラック,東京都,青梅市,青梅市 1,198-0011,35.8007196,139.2877812,way,995761962,
大門第２運動広場,陸上競技場・トラック,東京都,青梅市,青梅市 1 367 1,198-0014,35.7976627,139.2887857,way,995761963,
谷野運動広場,陸上競技場・トラック,東京都,青梅市,青梅市 2 235 1,198-0013,35.8039965,139.2933213,way,998111508,
上の原グラウンド,陸上競技場・トラック,東京都,,,,35.7705367,139.5452868,way,1011468647,
台東リバーサイドスポーツセンター 陸上競技場,陸上競技場・トラック,東京都,,,,35.7181194,139.805248,way,1058919899,
代々木公園陸上競技場,陸上競技場・トラック,東京都,,,,35.6670248,139.6941365,way,1280884286,
ブリリアランニングスタジアム,陸上競技場・トラック,東京都,,,,35.6403957,139.7870049,way,1325631324,
天空のランニングコース,陸上競技場・トラック,東京都,,,,35.7281137,139.7218273,way,1339456863,
味の素ナショナルトレーニングセンター 陸上競技場,陸上競技場・トラック,東京都,,,,35.7712234,139.7098472,way,1346873901,
第一グラウンド,陸上競技場・トラック,東京都,,,,35.6617104,139.6860656,way,1466169135,
第一グランド,陸上競技場・トラック,東京都,,,,35.6614672,139.6854384,way,1466169136,
舎人公園陸上競技場,陸上競技場・トラック,東京都,,,,35.8006446,139.7689793,way,1475091687,
東京体育館陸上競技場,陸上競技場・トラック,東京都,渋谷区,渋谷区 千駄ヶ谷一丁目 17 1,151-0051,35.6785723,139.7120871,relation,2067459,
ちがむら球技場,陸上競技場・トラック,東京都,,,,35.8277188,139.2760702,relation,2750446,
陸上競技場,陸上競技場・トラック,東京都,,,,35.6522421,139.3244489,relation,8067875,
総合グラウンド,陸上競技場・トラック,東京都,,,,35.7074837,139.4930827,relation,8098099,
MUFGスタジアム,競技場,東京都,,,,35.6778206,139.7145459,relation,10071391,
今井総合運動広場,陸上競技場・トラック,東京都,,,,35.8039637,139.3095186,relation,18580561,
木野下１丁目運動広場,陸上競技場・トラック,東京都,青梅市,青梅市 1 11,198-0013,35.807514,139.2996494,relation,19757631,
等々力補助競技場,陸上競技場・トラック,神奈川県,,,,35.5879837,139.6490409,node,758678720,
等々力陸上競技場,陸上競技場・トラック,神奈川県,,,,35.5858,139.6527088,node,758678735,
日産スタジアム,競技場,神奈川県,横浜市,横浜市 港北区小机町3300,222-0036,35.5099929,139.6063831,way,119477713,
多目的広場,陸上競技場・トラック,神奈川県,,,,35.4666969,139.4107947,way,162379907,
柏尾野外活動シルバー健康広場,陸上競技場・トラック,神奈川県,,,,35.4176401,139.5521258,way,165831642,
桜森スポーツ広場,陸上競技場・トラック,神奈川県,,,,35.468272,139.4444222,way,176008005,
下福田スポーツ広場,陸上競技場・トラック,神奈川県,,,,35.432301,139.4516678,way,203087713,
藤嶺学園藤沢中学・高等学校サブグラウンド,陸上競技場・トラック,神奈川県,,,,35.3483486,139.4871893,way,209749027,
ひらつかサン・ライフアリーナ,競技場,神奈川県,,,,35.3360717,139.3640768,way,215591348,
三ツ沢公園陸上競技場,陸上競技場・トラック,神奈川県,,,,35.4700444,139.6015334,way,217034317,
杉田臨海緑地 多目的広場,陸上競技場・トラック,神奈川県,,,,35.385097,139.6272181,way,249320867,
不入斗公園陸上競技場,陸上競技場・トラック,神奈川県,,,,35.2677999,139.665608,way,263741858,
三増公園陸上競技場,陸上競技場・トラック,神奈川県,,,,35.5482073,139.3002188,way,331598769,
レモンガススタジアム平塚,競技場,神奈川県,,,,35.3435927,139.3411527,way,398855030,
湘南バンク平塚競輪,陸上競技場・トラック,神奈川県,,,,35.3255342,139.3634126,way,405028885,
城山陸上競技場,陸上競技場・トラック,神奈川県,小田原市,小田原市 2丁目 29,,35.2548783,139.1447894,way,499589488,
相模原ギオンフィールド,陸上競技場・トラック,神奈川県,,,,35.528596,139.3856545,way,503005380,
大野台こもれびふれあい広場,陸上競技場・トラック,神奈川県,,,,35.544866,139.4071494,way,545583894,
東海大学湘南キャンパス高間原第2グラウンド,陸上競技場・トラック,神奈川県,,,,35.3617476,139.2788979,way,564966962,
東海大学湘南キャンパス多目的グラウンド,陸上競技場・トラック,神奈川県,,,,35.3601406,139.2762086,way,564966967,
GLPアルファリンク相模原 マルチコート,陸上競技場・トラック,神奈川県,,,,35.5614791,139.342438,way,1085714494,
藤嶺学園藤沢中学・高等学校 総合グラウンド,陸上競技場・トラック,神奈川県,,,,35.3512709,139.4866634,way,1211515876,
外周走路,陸上競技場・トラック,神奈川県,,,,35.42093,139.30493,way,1449593570,
競技場,陸上競技場・トラック,神奈川県,,,,35.4754983,139.4576028,relation,2737836,
三ツ沢公園陸上競技場,陸上競技場・トラック,神奈川県,,,,35.4700146,139.6015827,relation,7772752,
補助競技場,陸上競技場・トラック,神奈川県,,,,35.4704837,139.6034402,relation,9042147,
陸上競技場,陸上競技場・トラック,神奈川県,,,,35.5517997,139.6482116,relation,17903373,
デンカビッグスワンスタジアム,競技場,新潟県,,,,37.8825518,139.0591618,way,42744784,
人工芝グラウンド,陸上競技場・トラック,新潟県,,,,37.9513937,139.3401232,way,343555128,
柏崎市陸上競技場,陸上競技場・トラック,新潟県,,,,37.3724368,138.5544512,way,348815741,
上越市営陸上競技場,陸上競技場・トラック,新潟県,,,,37.1081284,138.2532341,way,350750538,
新潟市陸上競技場補助競技場,陸上競技場・トラック,新潟県,,,,37.9114938,139.0375813,way,354223668,
天然芝多目的グラウンド,陸上競技場・トラック,新潟県,,,,37.9354527,139.3577963,way,360971577,
五十公野公園陸上競技場,陸上競技場・トラック,新潟県,,,,37.9384094,139.3556928,way,360971581,
佐渡市陸上競技場,陸上競技場・トラック,新潟県,,,,37.9715239,138.3498671,way,363069957,
長岡市寺泊体育館,陸上競技場・トラック,新潟県,,,,37.6451572,138.7683912,way,364837652,
ゲートボール場,陸上競技場・トラック,新潟県,,,,37.9426447,139.1176977,way,446022268,
新潟市新津金屋運動広場,陸上競技場・トラック,新潟県,,,,37.786782,139.1722405,way,446025573,
新津武道館,陸上競技場・トラック,新潟県,,,,37.7879062,139.112496,way,449618057,
胎内市総合グラウンド陸上競技場,陸上競技場・トラック,新潟県,,,,38.0690001,139.4000539,way,450512356,
糸魚川市陸上競技場,陸上競技場・トラック,新潟県,,,,37.0229772,137.868054,way,461651568,
南側広場,陸上競技場・トラック,新潟県,,,,37.9493617,139.3391256,way,584716840,
ゲートボール場,陸上競技場・トラック,新潟県,,,,37.9359887,139.3540091,way,584716863,
ゲートボール場,陸上競技場・トラック,新潟県,,,,37.9428877,139.1178016,way,587793556,
長岡市営陸上競技場,陸上競技場・トラック,新潟県,長岡市,長岡市 1丁目 5番地1,940-2105,37.4507683,138.8252682,way,631916180,https://miz-ss.com/mcm/
陸上競技場,陸上競技場・トラック,新潟県,,,,37.6556837,139.074561,way,905259191,
新潟市陸上競技場,陸上競技場・トラック,新潟県,,,,37.9131034,139.0369258,way,1303516786,
中津川運動公園,陸上競技場・トラック,新潟県,津南町,津南町,949-8201,37.0089154,138.6559561,relation,13153799,
陸上競技場,陸上競技場・トラック,新潟県,,,,37.8694739,138.93987,relation,14930957,
五福陸上競技場,陸上競技場・トラック,富山県,,,,36.6967774,137.1883132,way,185734220,
空港スポーツ緑地 陸上競技場,陸上競技場・トラック,富山県,,,,36.646914,137.1900991,way,339217413,
総合運動公園陸上競技場,陸上競技場・トラック,富山県,,,,36.6250204,137.1955737,way,548930586,
陸上競技場,陸上競技場・トラック,富山県,,,,36.7959915,137.4344007,way,561437827,
ボールパーク高岡(多目的広場),陸上競技場・トラック,富山県,,,,36.721327,136.9570289,way,976814634,
医王山運動広場,陸上競技場・トラック,石川県,,,,36.555339,136.759095,node,2144255648,
金沢テクノパーク運動広場,陸上競技場・トラック,石川県,,,,36.5945723,136.7176652,node,2144255659,
小松市末広陸上競技場,陸上競技場・トラック,石川県,,,,36.4011162,136.4403063,node,3139397509,
金沢市営陸上競技場,陸上競技場・トラック,石川県,,,,36.5410382,136.6438562,way,297022330,
金沢工業大学 グランド,陸上競技場・トラック,石川県,,,,36.5277211,136.6271391,way,304616714,
白山市立一木公民館グラウンド,陸上競技場・トラック,石川県,,,,36.5129289,136.5586943,way,372573391,
物見山陸上競技場,陸上競技場・トラック,石川県,,,,36.4490896,136.5506714,way,416633455,
陸上競技場,陸上競技場・トラック,石川県,,,,36.5456899,136.7111001,way,531086348,
朝日グラウンド,陸上競技場・トラック,石川県,,,,36.4469005,136.6339065,way,549919337,
加賀市陸上競技場,陸上競技場・トラック,石川県,,,,36.326916,136.3316262,way,587448510,
石川県陸上競技場,陸上競技場・トラック,石川県,,,,36.5758275,136.6052752,way,665455539,
運動場,陸上競技場・トラック,福井県,,,,36.1072603,136.2780093,way,180923161,
金津小学校グラウンド,陸上競技場・トラック,福井県,,,,36.2174543,136.225398,way,421755304,
グラウンド,陸上競技場・トラック,福井県,,,,36.2153843,136.1554073,way,424679904,
多目的グラウンド,陸上競技場・トラック,福井県,,,,35.4833487,135.6088061,way,769861175,
健康の森 400mトラック,陸上競技場・トラック,福井県,,,,36.0141041,136.1409113,way,1037468218,
丹南総合公園 多目的グラウンド,陸上競技場・トラック,福井県,,,,35.9287523,136.153878,way,1038197855,
福井運動公園補助競技場,陸上競技場・トラック,福井県,,,,36.0544761,136.1825018,way,1056412784,
芦原中学校グラウンド,陸上競技場・トラック,福井県,,,,36.2352623,136.1929261,way,1255641981,
伊井小学校グラウンド,陸上競技場・トラック,福井県,,,,36.1972558,136.2482522,way,1263939554,
北潟湖小学校グラウンド,陸上競技場・トラック,福井県,,,,36.2642063,136.2231953,way,1265585346,
あわら市本荘小学校グラウンド,陸上競技場・トラック,福井県,,,,36.206219,136.1955336,way,1267819715,
雄島小学校体育館グラウンド,陸上競技場・トラック,福井県,,,,36.2371159,136.1393206,way,1270191865,
柿原グラウンド,陸上競技場・トラック,福井県,,,,36.2396632,136.2432052,way,1296755189,
奥越ふれあい公園 陸上競技場,陸上競技場・トラック,福井県,,,,35.9642649,136.4970111,relation,18405518,
400mトラック,陸上競技場・トラック,山梨県,,,,35.454611,138.5985565,way,109404897,
忍野中学校,陸上競技場・トラック,山梨県,,,,35.4640678,138.8455826,way,168448756,
福寿荘 Cグラウンド,陸上競技場・トラック,山梨県,,,,35.4387646,138.9034569,way,168737674,
小瀬スポーツ公園陸上競技場,陸上競技場・トラック,山梨県,,,,35.6223426,138.5898326,way,489859764,
陸上競技場,陸上競技場・トラック,山梨県,,,,35.6237688,138.9763163,relation,3371165,
富士川いきいきスポーツ公園,陸上競技場・トラック,山梨県,,,,35.5477857,138.4674141,relation,9587912,
女神湖スポーツ広場,陸上競技場・トラック,長野県,,,,36.1342121,138.267337,way,24942757,
上田城跡公園陸上競技場,陸上競技場・トラック,長野県,,,,36.4058572,138.2443854,way,58702495,
女神湖スポーツ広場,陸上競技場・トラック,長野県,,,,36.1342338,138.2673926,way,62393142,
中野市営運動場,陸上競技場・トラック,長野県,,,,36.7573775,138.3825729,way,160695036,
サマーボブスレー,陸上競技場・トラック,長野県,,,,36.7511376,138.3420438,way,220237831,
サニアパーク陸上競技場,陸上競技場・トラック,長野県,,,,36.5227164,138.344197,way,228070390,
ワイルドクロスパーク GAIA,陸上競技場・トラック,長野県,,,,36.458512,137.797687,way,249333479,
霧ヶ峯陸上競技場,陸上競技場・トラック,長野県,,,,36.0974399,138.1580377,way,438352654,
伊那市陸上競技場,陸上競技場・トラック,長野県,,,,35.841197,137.9424652,way,443133771,
緑ヶ丘中学校グランド,陸上競技場・トラック,長野県,,,,35.4882417,137.8411633,way,493264664,
高家グランド,陸上競技場・トラック,長野県,,,,36.2724174,137.9291374,way,493270895,
荒神山陸上競技場,陸上競技場・トラック,長野県,,,,35.9671825,137.9910113,way,555440836,
茅野市陸上競技場,陸上競技場・トラック,長野県,,,,35.9939029,138.1653819,way,566505864,
サブトラック,陸上競技場・トラック,長野県,,,,36.6568316,138.233466,way,591691258,
菅平高原スポーツランド,陸上競技場・トラック,長野県,,,,36.5218776,138.3461342,way,712735370,
多目的グラウンド,陸上競技場・トラック,長野県,,,,36.2205893,137.9100395,way,727259784,
松商学園総合グランド,陸上競技場・トラック,長野県,,,,36.2188051,137.9071488,way,727261527,
室内多目的運動場,陸上競技場・トラック,長野県,,,,36.3671187,138.2327384,way,787346600,
中村旅館体育館,陸上競技場・トラック,長野県,,,,36.2993792,138.1349763,way,887059901,
のってみらっし キックバイクコース,陸上競技場・トラック,長野県,,,,35.8812996,137.9190732,way,915693018,https://cabtrail.com/
中央アルプスマウンテンバイクトレイル パンプトラック,陸上競技場・トラック,長野県,,,,35.8813016,137.9190765,way,942013838,https://cabtrail.com/
御嶽古道遊歩,陸上競技場・トラック,長野県,,,,35.8347086,137.5451089,way,1000938011,
御嶽古道遊歩,陸上競技場・トラック,長野県,,,,35.8370407,137.5441004,way,1000938012,
サンアップル陸上競技場,陸上競技場・トラック,長野県,,,,36.6809282,138.2575973,way,1374527359,
武石総合グラウンド,陸上競技場・トラック,長野県,,,,36.2800813,138.2284302,way,1395273070,
ペダリングコース,陸上競技場・トラック,長野県,,,,35.9101224,138.2063837,way,1436876863,
中山公園陸上競技場,陸上競技場・トラック,岐阜県,,,,36.1484319,137.2321526,node,1416000282,
補助競技場,陸上競技場・トラック,岐阜県,,,,35.4423381,136.7645099,way,466208218,
長良川競技場,陸上競技場・トラック,岐阜県,,,,35.4413319,136.7660858,way,466208226,
校庭,陸上競技場・トラック,岐阜県,,,,35.4851033,136.944497,way,497343638,
第1グラウンド,陸上競技場・トラック,岐阜県,,,,35.461315,137.0423379,way,1466926784,
第2グラウンド,陸上競技場・トラック,岐阜県,,,,35.4625876,137.0411728,way,1466926785,
第1グラウンド,陸上競技場・トラック,岐阜県,,,,35.386854,136.7345014,way,1506935204,
多目的運動場,陸上競技場・トラック,岐阜県,,,,35.3853776,136.7400017,way,1506935207,
多目的コート,陸上競技場・トラック,岐阜県,,,,35.3876451,136.7362824,way,1506935210,
清水総合運動場陸上競技場,陸上競技場・トラック,静岡県,,,,34.9967315,138.492661,way,166754783,
四ツ池公園陸上競技場,陸上競技場・トラック,静岡県,,,,34.7449601,137.7345234,way,168747767,
陸上競技場,陸上競技場・トラック,静岡県,,,,34.961365,138.4358947,way,182070455,
弓道場,陸上競技場・トラック,静岡県,,,,34.7279346,137.8470198,way,250569680,
グラウンド,陸上競技場・トラック,静岡県,,,,34.7393696,137.9583169,way,288726029,
静岡県草薙総合運動場陸上競技場,陸上競技場・トラック,静岡県,静岡市駿河区,静岡市駿河区 聖一色654,422-8007,34.9886726,138.4303934,way,396660569,
舞阪乙女園グラウンド,陸上競技場・トラック,静岡県,,,,34.6947075,137.5962986,way,416487874,https://www.city.hamamatsu.shizuoka.jp/maps/n-maisakaotome_g.html
裾野市運動公園陸上競技場,陸上競技場・トラック,静岡県,,,,35.2357195,138.8934459,way,416829590,
御殿場市陸上競技場,陸上競技場・トラック,静岡県,,,,35.3135573,138.9111496,way,416830771,
多目的運動広場,陸上競技場・トラック,静岡県,,,,34.7524287,137.980844,way,422819758,
投てき場,陸上競技場・トラック,静岡県,,,,34.742331,137.9723264,way,511182479,
ハンマー・円盤投場,陸上競技場・トラック,静岡県,,,,34.7425746,137.9725673,way,512182942,
やり投トラック,陸上競技場・トラック,静岡県,,,,34.7426653,137.9724284,way,512182943,
多目的広場,陸上競技場・トラック,静岡県,,,,34.6693301,137.7469202,way,574918027,
巨石の森公園多目的広場,陸上競技場・トラック,静岡県,,,,34.9107703,138.2685512,way,585115669,
多目的スポーツ広場,陸上競技場・トラック,静岡県,,,,34.7024575,137.6144296,way,631847602,
菊川運動公園 炭焼きさわやか菊川グラウンド,陸上競技場・トラック,静岡県,,,,34.7561836,138.0706869,way,688162105,
浜松聖星高等学校 佐鳴湖グラウンド,陸上競技場・トラック,静岡県,,,,34.7170429,137.6808779,way,759970920,
藤枝総合運動公園 陸上競技場,陸上競技場・トラック,静岡県,,,,34.8810363,138.2346629,way,819667352,
藤枝総合運動公園 陸上競技場,陸上競技場・トラック,静岡県,,,,34.880609,138.2350973,way,819667353,
興誠学園グランド,陸上競技場・トラック,静岡県,,,,34.750125,137.6752279,way,904602308,
瓜内スポーツ広場,陸上競技場・トラック,静岡県,,,,34.6798955,137.7291709,way,1022445942,
沖洗運動場,陸上競技場・トラック,静岡県,,,,34.6860784,137.6992718,way,1029326995,
笹田学園運動場,陸上競技場・トラック,静岡県,,,,34.7012362,137.7249404,way,1268152892,
砲丸投場,陸上競技場・トラック,静岡県,,,,34.7425543,137.9722661,relation,7437586,
補助競技場,陸上競技場・トラック,静岡県,,,,34.7436093,137.9735294,relation,9967147,
補助競技場,陸上競技場・トラック,静岡県,,,,34.9893908,138.4278826,relation,14966630,
ふれあいパーク鳳来,陸上競技場・トラック,愛知県,,,,34.9369467,137.5718645,node,667217512,
藤岡体育センター,陸上競技場・トラック,愛知県,,,,35.199251,137.2083371,node,4361927307,
グラウンド大,陸上競技場・トラック,愛知県,,,,34.991011,137.6245844,node,4895479489,
グラウンド小,陸上競技場・トラック,愛知県,,,,34.9919778,137.6250887,node,4895479490,
東栄ドーム,陸上競技場・トラック,愛知県,,,,35.0668566,137.7065132,way,81232344,
運動広場,陸上競技場・トラック,愛知県,,,,34.8934034,137.5034299,way,98081996,
東栄町 陸上競技場,陸上競技場・トラック,愛知県,,,,35.066201,137.7068069,way,116472645,
村立豊根小学校・中学校,陸上競技場・トラック,愛知県,,,,35.1445317,137.702904,way,141054243,
石巻運動広場,陸上競技場・トラック,愛知県,,,,34.7978941,137.4432788,way,176168047,
豊川市陸上競技場,陸上競技場・トラック,愛知県,,,,34.8283676,137.3743674,way,201525071,
さかき運動場,陸上競技場・トラック,愛知県,,,,35.2835502,136.8864656,way,236146146,
服岡広場,陸上競技場・トラック,愛知県,,,,35.093145,136.7890059,way,260232201,
グラウンド,陸上競技場・トラック,愛知県,,,,35.138767,136.8209645,way,264880316,
中根町ふれあい広場,陸上競技場・トラック,愛知県,,,,35.022929,137.0879418,way,405794738,
前林北ふれあい広場,陸上競技場・トラック,愛知県,,,,35.0449167,137.074342,way,409506941,
陸上競技場,陸上競技場・トラック,愛知県,,,,34.9370778,137.5407731,way,427953187,
第2グランド,陸上競技場・トラック,愛知県,,,,34.7410801,137.3841092,way,454089214,
須ヶ谷グランド,陸上競技場・トラック,愛知県,,,,35.2306192,136.7542214,way,477659378,
祖父江の森多目的運動場,陸上競技場・トラック,愛知県,,,,35.2473335,136.7289331,way,477665956,
グラウンド,陸上競技場・トラック,愛知県,,,,35.1667712,136.7553129,way,490456112,
明海広場,陸上競技場・トラック,愛知県,,,,34.7102649,137.323202,way,492697781,
グラウンド,陸上競技場・トラック,愛知県,,,,35.3391576,136.9473138,way,492880708,
名古屋商科大学陸上競技場,陸上競技場・トラック,愛知県,,,,35.1557018,137.0955541,way,493207857,
第１グラウンド,陸上競技場・トラック,愛知県,,,,35.0465358,136.9872098,way,493789801,
第４グラウンド,陸上競技場・トラック,愛知県,,,,35.0459388,136.9888616,way,493789811,
第３グラウンド,陸上競技場・トラック,愛知県,,,,35.0444755,136.9876939,way,493801844,
陸上競技場,陸上競技場・トラック,愛知県,,,,34.9731396,137.0895787,way,496753685,
大口町総合運動場,陸上競技場・トラック,愛知県,,,,35.3303925,136.9093477,way,497544660,
豊橋創造大学グラウンド,陸上競技場・トラック,愛知県,,,,34.7761031,137.4075911,way,499095834,
陸上競技場,陸上競技場・トラック,愛知県,,,,35.2415121,137.0810202,way,499342560,
豊田自動織機刈谷グラウンド,陸上競技場・トラック,愛知県,,,,34.9918791,136.9926059,way,500212847,
陸上競技場,陸上競技場・トラック,愛知県,,,,35.1333257,137.1862364,way,501625884,
知多運動公園陸上競技場,陸上競技場・トラック,愛知県,,,,34.9998844,136.8671511,way,502051629,
陸上競技場,陸上競技場・トラック,愛知県,,,,35.0513676,137.0457234,way,508221354,
グラウンド,陸上競技場・トラック,愛知県,,,,34.6071835,137.0381195,way,517969236,
白谷海浜公園・陸上競技場,陸上競技場・トラック,愛知県,,,,34.6839497,137.2322689,way,522480855,
レクリエーション スポーツ広場,陸上競技場・トラック,愛知県,,,,34.7427349,137.4043161,way,524671229,
運動広場,陸上競技場・トラック,愛知県,,,,34.7490916,137.3716305,way,569173076,
坂田グラウンド,陸上競技場・トラック,愛知県,,,,34.7862108,137.0199358,way,579442385,
豊橋中央高等学校グラウンド,陸上競技場・トラック,愛知県,,,,34.750777,137.3926169,way,590674830,
半田運動公園陸上競技場,陸上競技場・トラック,愛知県,,,,34.9031577,136.8830703,way,676041213,https://www.city.handa.lg.jp/sports/bunka/leisure/sportsshisetsu/undokoen/rikujo.html
半田上浜グラウンド,陸上競技場・トラック,愛知県,半田市,半田市 26-4,4750804,34.8963713,136.9396938,way,682037799,https://www.city.handa.lg.jp/sports/bunka/leisure/sportsshisetsu/handakamihamaground.html
陸上競技場,陸上競技場・トラック,愛知県,,,,35.1020344,137.1473913,way,977024436,
ミニスポーツ広場,陸上競技場・トラック,愛知県,,,,35.1617424,136.9118417,way,1055417993,
ミニスポーツ広場,陸上競技場・トラック,愛知県,,,,35.1605498,136.922762,way,1055433320,
山びこの丘 グラウンド,陸上競技場・トラック,愛知県,,,,34.9970738,137.556241,way,1180709081,
第2グラウンド,陸上競技場・トラック,愛知県,,,,35.1403472,136.974123,way,1316299586,
愛知県体育館,競技場,愛知県,,,,35.1830269,136.9027722,way,1384003268,
雪そりゲレンデ,陸上競技場・トラック,愛知県,,,,35.2172178,137.4072806,way,1394892291,
雪あそび広場,陸上競技場・トラック,愛知県,,,,35.2170664,137.4079226,way,1394892292,
陸上競技場,陸上競技場・トラック,愛知県,,,,35.1844255,137.1177672,way,1431487559,
陸上競技場,陸上競技場・トラック,愛知県,,,,34.8051099,137.1750341,relation,7245358,
豊橋公園 陸上競技場,陸上競技場・トラック,愛知県,,,,34.7690395,137.3989357,relation,8366000,
石垣池公園陸上競技場,陸上競技場・トラック,三重県,,,,34.8574927,136.5691253,way,387523500,
上野運動公園競技場,陸上競技場・トラック,三重県,,,,34.7793944,136.1273427,way,548870238,
児童用ソフトボール場,陸上競技場・トラック,三重県,,,,34.7736982,136.5327883,way,560405947,
イナベモータースポーツランド,陸上競技場・トラック,三重県,,,,35.1463491,136.5724108,way,630416410,https://inabe-msl.com/
多目的広場,陸上競技場・トラック,三重県,,,,34.1107219,136.2290593,way,1207977169,
米原市立山東グラウンド,陸上競技場・トラック,滋賀県,,,,35.3727808,136.3692644,node,416362432,
彦根陸上競技場,陸上競技場・トラック,滋賀県,,,,35.2812592,136.2560209,node,416778255,
第一グラウンド,陸上競技場・トラック,滋賀県,,,,34.977699,135.9637899,way,243895064,
多目的グラウンド,陸上競技場・トラック,滋賀県,,,,34.9608272,136.1619922,way,258551275,
水口スポーツの森 陸上競技場,陸上競技場・トラック,滋賀県,,,,34.9607545,136.1643596,way,258551276,
東大津高等学校グランド,陸上競技場・トラック,滋賀県,,,,34.9722029,135.9452597,way,305808107,
陸上競技場,陸上競技場・トラック,滋賀県,,,,35.0563659,136.0520609,way,342739860,
野村グラウンド,陸上競技場・トラック,滋賀県,,,,35.0236875,135.9539117,way,457123684,
湖南市市民グラウンド陸上競技場,陸上競技場・トラック,滋賀県,湖南市,湖南市 7,,35.0172831,136.1296049,way,497425718,https://www.city.konan.shiga.jp/guide/shisetsu/ground.htm
サッカーグラウンド,陸上競技場・トラック,滋賀県,,,,34.9311977,136.1785398,way,539140717,
布引運動公園陸上競技場,陸上競技場・トラック,滋賀県,,,,35.0840269,136.1956697,way,625486977,
運動場,陸上競技場・トラック,滋賀県,,,,35.0445606,136.0682769,way,737546140,
土山体育館,陸上競技場・トラック,滋賀県,,,,34.9318424,136.2954865,way,1090963683,
土山中学校運動場,陸上競技場・トラック,滋賀県,,,,34.9305345,136.2967603,way,1090963975,
多目的運動広場,陸上競技場・トラック,滋賀県,,,,34.9055858,135.9196735,way,1251923927,
平和堂げんきっこフィールド,陸上競技場・トラック,滋賀県,,,,35.2823202,136.2593089,way,1377143300,
皇子山陸上競技場,陸上競技場・トラック,滋賀県,,,,35.0170929,135.8567653,relation,5253447,
ゲートボール場,陸上競技場・トラック,京都府,,,,35.2859585,135.067909,way,56015865,
ゲートボール場,陸上競技場・トラック,京都府,,,,35.2938026,135.0554436,way,56016368,
ゲートボール場,陸上競技場・トラック,京都府,,,,35.2796653,135.0423951,way,58072529,
立命館大学原谷総合グラウンド野球場,陸上競技場・トラック,京都府,,,,35.0414924,135.7137969,way,115818664,
府立大学グラウンド,陸上競技場・トラック,京都府,,,,35.0455744,135.7632629,way,119039333,
グラウンド,陸上競技場・トラック,京都府,,,,35.0749012,135.768107,way,158856064,
京都大学 宇治グラウンド,陸上競技場・トラック,京都府,,,,34.911034,135.8089468,way,176732311,
球技場A,陸上競技場・トラック,京都府,,,,34.8731144,135.8043225,way,177821637,
城南の丘グラウンド,陸上競技場・トラック,京都府,,,,34.8758166,135.7932809,way,177981336,
球技場B,陸上競技場・トラック,京都府,,,,34.8713872,135.80445,way,177981339,
サッカー場・野球場,陸上競技場・トラック,京都府,,,,34.9519185,135.7736893,way,193848477,
大宅中学運動場,陸上競技場・トラック,京都府,,,,34.9663008,135.8216299,way,217531806,
伏見公園グランド,陸上競技場・トラック,京都府,,,,34.929147,135.7663891,way,222474205,
大山崎町体育館,競技場,京都府,,,,34.9046248,135.6957933,way,290371798,
東山グラウンド,陸上競技場・トラック,京都府,,,,35.0138506,135.7929951,way,292384125,
京都府立福知山高等学校 岳南グラウンド,陸上競技場・トラック,京都府,,,,35.2925776,135.1489411,way,349859832,
美山長谷運動広場陸上競技場,陸上競技場・トラック,京都府,,,,35.2787055,135.5363624,way,433265439,
陸上競技場,陸上競技場・トラック,京都府,,,,35.1667166,135.4132924,way,449029006,
競技場,陸上競技場・トラック,京都府,,,,35.0112734,135.5508954,way,474357754,
自由広場,陸上競技場・トラック,京都府,,,,34.9767269,135.8123136,way,480857980,
フットサルコート,陸上競技場・トラック,京都府,,,,34.902698,135.7023562,way,486411076,
陸上競技場,陸上競技場・トラック,京都府,,,,34.8714749,135.8062049,way,497574263,
第2競技場,陸上競技場・トラック,京都府,,,,34.8732965,135.8059897,way,567799441,
福田金属箔粉工業（株）多目的グラウンド,陸上競技場・トラック,京都府,,,,34.9737435,135.8018136,way,571167392,
下段グラウンド,陸上競技場・トラック,京都府,,,,34.8328131,135.7176062,way,575385617,
グラウンド,陸上競技場・トラック,京都府,,,,34.8331752,135.7180356,way,575385618,
吉原グラウンド,陸上競技場・トラック,京都府,,,,35.6197374,135.0540205,way,584362056,
旧市立成徳中学校グラウンド,陸上競技場・トラック,京都府,,,,34.9995459,135.757428,way,587852307,
京都市西京極総合運動公園陸上競技場兼球技場,陸上競技場・トラック,京都府,,,,34.9934356,135.7139793,way,664199971,
加悦小中学校グラウンド,陸上競技場・トラック,京都府,,,,35.5072025,135.091289,way,738599219,
網野体育センター,陸上競技場・トラック,京都府,,,,35.6822426,135.0245618,way,773064996,
ミズノスポーツプラザ京都伏見,陸上競技場・トラック,京都府,,,,34.9407629,135.7773712,way,923397046,
園部公園陸上競技場,陸上競技場・トラック,京都府,,,,35.1088497,135.4663972,way,1107357959,
網野町民グランド,陸上競技場・トラック,京都府,,,,35.6803754,135.0190397,way,1225125836,
多目的広場,陸上競技場・トラック,京都府,,,,34.9119249,135.7135595,way,1279602118,
テニス兼バレーコート,陸上競技場・トラック,京都府,,,,34.9115808,135.7133389,way,1279603660,
川口市民公園,陸上競技場・トラック,京都府,,,,34.8805278,135.7183351,way,1415599406,
陸上競技場,陸上競技場・トラック,京都府,,,,34.9510214,135.7737101,relation,2610421,
多目的広場,陸上競技場・トラック,京都府,,,,34.9840533,135.8118663,relation,7091091,
多目的グランド,陸上競技場・トラック,大阪府,,,,34.7979852,135.504391,node,11370128401,
ヤンマースタジアム長居,競技場,大阪府,,,,34.6141092,135.5185117,way,66676943,
運動場,陸上競技場・トラック,大阪府,,,,34.8124961,135.5404011,way,111553637,
多目的球技広場,競技場,大阪府,,,,34.6673336,135.6289954,way,136557894,
グランド,陸上競技場・トラック,大阪府,,,,34.4449465,135.5770906,way,137186902,
スポーツ広場A,陸上競技場・トラック,大阪府,,,,34.7738331,135.4846528,way,155760233,
大阪大学豊中キャンパスグラウンド,陸上競技場・トラック,大阪府,,,,34.8063661,135.4564752,way,157119839,
関西電力総合運動場,陸上競技場・トラック,大阪府,,,,34.8404175,135.5177669,way,159017481,
長柄東河川敷グラウンド,陸上競技場・トラック,大阪府,,,,34.7107695,135.5195527,way,181407817,
多目的グラウンド,陸上競技場・トラック,大阪府,,,,34.8375186,135.5017567,way,194850885,
スポーツ広場,陸上競技場・トラック,大阪府,,,,34.800354,135.5378961,way,202361306,
いきいきらんど,陸上競技場・トラック,大阪府,,,,34.7849011,135.6887545,way,220108583,
少年球技場,陸上競技場・トラック,大阪府,,,,34.8143704,135.5368722,way,222438752,
人工芝グラウンド,陸上競技場・トラック,大阪府,,,,34.6512285,135.5924921,way,229135732,
陸上競技場,陸上競技場・トラック,大阪府,,,,34.8244744,135.6090377,way,229734660,
大阪市立都島中学校 第2グラウンド,陸上競技場・トラック,大阪府,,,,34.7061057,135.5248575,way,249476912,
柴島浄水場グランド,陸上競技場・トラック,大阪府,,,,34.7347883,135.5151913,way,273308144,
金岡公園陸上競技場,陸上競技場・トラック,大阪府,,,,34.5705162,135.5075879,way,352202109,
二色の浜公園スポーツ広場,陸上競技場・トラック,大阪府,,,,34.4375868,135.3376581,way,368360451,
運動場,陸上競技場・トラック,大阪府,,,,34.8598372,135.5773065,way,407475475,
３００ｍトラック,陸上競技場・トラック,大阪府,,,,34.8489423,135.5435181,way,422892948,
岸和田中央公園スポーツ広場,陸上競技場・トラック,大阪府,,,,34.4709958,135.3956801,way,427197764,
陸上トラック,陸上競技場・トラック,大阪府,,,,34.8283409,135.6404367,way,430470560,
牧田グラウンド,陸上競技場・トラック,大阪府,,,,34.8194382,135.5994159,way,452806396,
陸上競技場,陸上競技場・トラック,大阪府,,,,34.6274643,135.5813586,way,458025135,
青山台運動広場,陸上競技場・トラック,大阪府,,,,34.8250496,135.5019195,way,460549477,
第2グラウンド,陸上競技場・トラック,大阪府,,,,34.7412823,135.6607057,way,475081381,
長池運動場,陸上競技場・トラック,大阪府,,,,34.6227302,135.5184328,way,478359204,
青少年運動広場,陸上競技場・トラック,大阪府,,,,34.7780452,135.5660463,way,489986903,
服部緑地陸上競技場,陸上競技場・トラック,大阪府,,,,34.7791805,135.4847668,way,495444728,
多目的球技場,陸上競技場・トラック,大阪府,,,,34.729084,135.5664698,way,512319615,
グラウンド,陸上競技場・トラック,大阪府,,,,34.5181022,135.5403121,way,550290205,
鶴浜緑地運動場,陸上競技場・トラック,大阪府,,,,34.6408016,135.4482673,way,619597812,
鶴浜コミュニティ広場,陸上競技場・トラック,大阪府,,,,34.6399504,135.4512975,way,619597814,
球技広場,陸上競技場・トラック,大阪府,,,,34.5620007,135.5309802,way,624601406,
グラウンド,陸上競技場・トラック,大阪府,,,,34.8402503,135.5781927,way,649419024,
第2グラウンド,陸上競技場・トラック,大阪府,,,,34.7596091,135.5408789,way,654991217,
万博記念競技場,競技場,大阪府,,,,34.8103715,135.5426667,way,686373518,
山田川運動広場,陸上競技場・トラック,大阪府,,,,34.7830697,135.5424655,way,702587040,
スポーツ広場B（臨時駐車場）,陸上競技場・トラック,大阪府,,,,34.5622768,135.5323744,way,717537752,
スポーツ広場A,陸上競技場・トラック,大阪府,,,,34.5613723,135.5324834,way,717537753,
運動広場,陸上競技場・トラック,大阪府,,,,34.5470131,135.5121815,way,717537759,
運動場,陸上競技場・トラック,大阪府,,,,34.533549,135.4474872,way,993857272,
東大阪市立ウィルチェアスポーツコート,陸上競技場・トラック,大阪府,,,,34.6685953,135.6275129,way,1005087905,https://hanazono-wheelchair-hos.com/
グラウンド,陸上競技場・トラック,大阪府,,,,34.5165418,135.4287295,way,1011678711,
陸上競技場,陸上競技場・トラック,大阪府,,,,34.8189423,135.6837608,way,1063648607,
グラウンド,陸上競技場・トラック,大阪府,,,,34.3806678,135.338378,way,1121222723,
アーバンスポーツゾーン,陸上競技場・トラック,大阪府,,,,34.5405644,135.559217,way,1150734151,
大阪市立新庄小学校 第2運動場,陸上競技場・トラック,大阪府,,,,34.7474311,135.5298492,way,1180751008,
大塚 グラウンド,陸上競技場・トラック,大阪府,,,,34.5757419,135.5623318,way,1191397802,
沢之町運動場,陸上競技場・トラック,大阪府,,,,34.6036258,135.5022474,way,1233527535,
大川グラウンド,陸上競技場・トラック,大阪府,,,,34.71381,135.5208052,way,1303588959,
関西外国語大学 中宮キャンパス 陸上競技場,陸上競技場・トラック,大阪府,,,,34.823784,135.6615559,way,1373216877,
市立北片鉾ゲートボール場,陸上競技場・トラック,大阪府,,,,34.8359284,135.6738751,way,1382677371,
小学校グラウンド,陸上競技場・トラック,大阪府,,,,34.5105141,135.5428765,way,1459429173,
中学校・高等学校グラウンド,陸上競技場・トラック,大阪府,,,,34.5126444,135.5421583,way,1459429176,
総合グラウンド,競技場,大阪府,,,,34.4526338,135.4547974,relation,2449238,
ポニー広場,陸上競技場・トラック,兵庫県,,,,34.7160084,135.1148973,node,4702936351,
ベイコム陸上競技場,陸上競技場・トラック,兵庫県,,,,34.7303688,135.421921,way,94120114,http://aspf.or.jp/park/kinen/stadium.html
明石公園陸上競技場,陸上競技場・トラック,兵庫県,,,,34.6537078,134.9893557,way,196418170,
ユニバー記念競技場,競技場,兵庫県,,,,34.682362,135.0803882,way,196441509,
第2グラウンド,陸上競技場・トラック,兵庫県,,,,34.8771368,134.6571493,way,243543816,
第1グラウンド,陸上競技場・トラック,兵庫県,,,,34.8782975,134.6580492,way,243543818,
南グラウンド,陸上競技場・トラック,兵庫県,,,,34.8683544,134.6920416,way,250302175,
青山スポーツ広場,陸上競技場・トラック,兵庫県,,,,34.8503104,134.6328551,way,250479276,
加古川運動公園陸上競技場,陸上競技場・トラック,兵庫県,,,,34.8080287,134.8257668,way,296892600,
広場,陸上競技場・トラック,兵庫県,,,,34.7669535,135.4343663,way,316899652,
海浜公園球技場,陸上競技場・トラック,兵庫県,,,,34.643908,135.1320341,way,320467168,
多目的グラウンド,陸上競技場・トラック,兵庫県,,,,34.6269959,135.0633459,way,320476390,
市島市民グラウンド,陸上競技場・トラック,兵庫県,丹波市市島町上垣902-1,丹波市市島町上垣902-1,669-4321,35.2169756,135.1342978,way,338216974,https://yoyakunomado.com/tamba/user/index.jsp
球技グラウンド,陸上競技場・トラック,兵庫県,,,,34.6638712,135.1279873,way,352010351,
三輪小学校グラウンド,陸上競技場・トラック,兵庫県,,,,34.8908823,135.2292617,way,382419059,
王子スポーツセンター補助競技場,陸上競技場・トラック,兵庫県,,,,34.7119513,135.2158245,way,413045873,
西宮南高校グラウンド,陸上競技場・トラック,兵庫県,,,,34.7039879,135.3644175,way,424473191,
武庫川女子大学 総合スタジアム,陸上競技場・トラック,兵庫県,,,,34.7014128,135.3659108,way,424473193,
兵庫医科大学 総合グラウンド,陸上競技場・トラック,兵庫県,,,,34.7001784,135.367095,way,424574903,
馬事公苑,陸上競技場・トラック,兵庫県,,,,34.7154053,135.1156672,way,431199400,https://shiawasenomura.org/exercise/horse.html
第1グラウンド,陸上競技場・トラック,兵庫県,,,,34.7177808,135.2146654,way,455255196,
伊丹市立堀池運動公園,陸上競技場・トラック,兵庫県,,,,34.7720927,135.3960168,way,480425546,
荒川連合自治会グランド,陸上競技場・トラック,兵庫県,,,,34.8130674,134.6562905,way,494182907,
洲本市立スポーツ施設市民交流センター 陸上競技場,陸上競技場・トラック,兵庫県,,,,34.3353885,134.8753013,way,538740714,
陸上競技場,陸上競技場・トラック,兵庫県,,,,34.7820544,134.8002255,way,557076584,
三木総合防災公園競技場,陸上競技場・トラック,兵庫県,,,,34.7828594,135.0538705,way,557819445,
潮芦屋運動場,陸上競技場・トラック,兵庫県,,,,34.7126836,135.3116299,way,633894898,
北グラウンド,陸上競技場・トラック,兵庫県,,,,34.7293333,135.2294872,way,653715202,
グラウンド,陸上競技場・トラック,兵庫県,,,,34.7623671,135.3506398,way,653818642,
本庄中央グラウンド,陸上競技場・トラック,兵庫県,,,,34.7198882,135.2864113,way,656867547,
グラウンド,陸上競技場・トラック,兵庫県,,,,34.7185402,135.2915653,way,656874755,
多目的広場,陸上競技場・トラック,兵庫県,,,,34.8309977,134.7290633,way,664849464,
私立姫路女学院中学校・高等学校,陸上競技場・トラック,兵庫県,姫路市,姫路市 83番地,6700964,34.8230281,134.6904328,way,680099814,https://www.himeji-jogakuin.ed.jp/
スポーツ広場,陸上競技場・トラック,兵庫県,,,,34.7442331,135.178627,way,686999933,
神戸北シニア専用グランド,陸上競技場・トラック,兵庫県,,,,34.8166214,135.2071483,way,863828563,
県立八鹿高等学校,陸上競技場・トラック,兵庫県,,,,35.4029933,134.7634309,way,891020566,
ダイセル専用,陸上競技場・トラック,兵庫県,,,,34.7376071,135.445132,way,936159069,
市立志方東小学校,陸上競技場・トラック,兵庫県,,,,34.8322463,134.8377364,way,956108987,
市立川西小学校,陸上競技場・トラック,兵庫県,,,,34.7793965,134.8226852,way,956108995,
市立阿弥陀小学校,陸上競技場・トラック,兵庫県,,,,34.7976681,134.7822204,way,956288177,
市立竜山中学校,陸上競技場・トラック,兵庫県,,,,34.7806412,134.7859178,way,960110402,
町立稲美北中学校,陸上競技場・トラック,兵庫県,,,,34.7616072,134.9066196,way,960879299,
運動場,陸上競技場・トラック,兵庫県,,,,34.7497227,134.7959455,way,961638439,
加古川西スポーツ広場,陸上競技場・トラック,兵庫県,,,,34.7890171,134.8314608,way,982136541,
加古川運動公園陸上競技場,陸上競技場・トラック,兵庫県,,,,34.8080536,134.8261482,way,989796606,
陸上競技場アレオ,陸上競技場・トラック,兵庫県,,,,34.8557033,134.9661421,way,1055881303,
六甲アイランド高等学校グランド,陸上競技場・トラック,兵庫県,,,,34.6859599,135.2728593,way,1355138200,
ノエビアスタジアム神戸,競技場,兵庫県,,,,34.6567012,135.168992,relation,1721297,https://www.noevir-stadium.jp/
姫路市立 陸上競技場,陸上競技場・トラック,兵庫県,,,,34.82181,134.6711083,relation,2335804,
芝コース,陸上競技場・トラック,兵庫県,,,,34.7805783,135.3635064,relation,5397587,
ダートコース,陸上競技場・トラック,兵庫県,,,,34.780801,135.3628274,relation,5397588,
障害コース,陸上競技場・トラック,兵庫県,,,,34.780786,135.3628324,relation,5397589,
多目的グラウンド,陸上競技場・トラック,奈良県,,,,34.4785054,135.7876575,node,4540857578,
多目的グラウンド,陸上競技場・トラック,奈良県,,,,34.6461081,135.7470421,node,4548023531,
鴻ノ池 陸上競技場,陸上競技場・トラック,奈良県,,,,34.6975872,135.8291691,way,99285705,
多目的グラウンド,陸上競技場・トラック,奈良県,,,,34.5745805,135.8191062,way,162187988,
健民グラウンド,陸上競技場・トラック,奈良県,,,,34.6902398,135.6928489,way,195045501,
中央第二武道場,陸上競技場・トラック,奈良県,,,,34.696286,135.8285609,way,206266355,
中央武道場,陸上競技場・トラック,奈良県,,,,34.6947493,135.8272554,way,257424344,
三郷中学校 グラウンド,陸上競技場・トラック,奈良県,,,,34.599357,135.693699,way,344042069,
池の平公園グラウンド,陸上競技場・トラック,奈良県,,,,34.0307348,135.9553998,way,359032873,
吉野町立吉野中学校グラウンド,陸上競技場・トラック,奈良県,,,,34.3953647,135.8733944,way,416328574,
グラウンド,陸上競技場・トラック,奈良県,,,,34.4123831,135.8930992,way,416497613,
運動場,陸上競技場・トラック,奈良県,,,,34.6481689,135.7567597,way,422114758,
補助競技場,陸上競技場・トラック,奈良県,,,,34.6995242,135.830126,way,426782337,
投てき練習場,陸上競技場・トラック,奈良県,,,,34.7005069,135.8308052,way,426782339,
橿原営農グランド,陸上競技場・トラック,奈良県,,,,34.5125964,135.8035078,way,434977567,
屋根付運動場,陸上競技場・トラック,奈良県,,,,34.4915771,135.7730696,way,454019465,
グラウンド,陸上競技場・トラック,奈良県,,,,33.9678217,135.8553001,way,454894835,
多目的運動場,陸上競技場・トラック,奈良県,,,,34.355677,135.9171713,way,454894841,
下市中央公園,陸上競技場・トラック,奈良県,,,,34.3656747,135.7878971,way,454894968,
多目的広場,陸上競技場・トラック,奈良県,,,,34.7005822,135.8328709,way,455101966,
グラウンド,陸上競技場・トラック,奈良県,,,,34.7300955,135.7123658,way,455102002,
陸上競技場,陸上競技場・トラック,奈良県,,,,34.4892763,135.7922635,way,455102250,
庭球場,陸上競技場・トラック,奈良県,,,,34.4908634,135.7920845,way,455102261,
グラウンド,陸上競技場・トラック,奈良県,,,,34.5758115,135.7382143,way,455314334,
グラウンド,陸上競技場・トラック,奈良県,,,,34.6238157,135.701914,way,455314433,
運動場,陸上競技場・トラック,奈良県,,,,34.6444338,135.8294369,way,456799654,
多目的グラウンド,陸上競技場・トラック,奈良県,,,,34.4927223,135.7733084,way,457418726,
多目的グラウンド,陸上競技場・トラック,奈良県,,,,34.5307653,135.8389011,way,457922995,
グラウンド,陸上競技場・トラック,奈良県,,,,34.7128705,135.7109423,way,460188316,
運動場,陸上競技場・トラック,奈良県,,,,34.6926926,135.8360784,way,462354718,
當麻健民運動場,陸上競技場・トラック,奈良県,,,,34.5178445,135.6933037,way,463397411,
少年野球グラウンド,陸上競技場・トラック,奈良県,,,,34.5204636,135.802773,way,480009341,
運動場,陸上競技場・トラック,奈良県,,,,34.6402131,135.8051287,way,481783335,
運動場,陸上競技場・トラック,奈良県,,,,34.6220433,135.8231622,way,482455048,
中央訓練場,陸上競技場・トラック,奈良県,,,,34.7006266,135.8073848,way,510736704,
南北訓練場,陸上競技場・トラック,奈良県,,,,34.7004764,135.8051953,way,510736709,
畝傍山キャンパスグラウンド,陸上競技場・トラック,奈良県,,,,34.5011925,135.7836061,way,1360296527,
多目的広場,陸上競技場・トラック,奈良県,,,,34.7037971,135.6797729,way,1381059181,
グラウンド,陸上競技場・トラック,奈良県,,,,34.3706316,135.6949986,way,1466408280,
橋本市運動公園陸上競技場,陸上競技場・トラック,和歌山県,,,,34.3347226,135.6167792,node,2387504165,
和歌山ビッグホエール,競技場,和歌山県,,,,34.2212683,135.1908241,way,381185303,
和歌山県紀三井寺陸上競技場,陸上競技場・トラック,和歌山県,,,,34.1667112,135.1918262,way,390008423,
多目的グラウンド,陸上競技場・トラック,和歌山県,,,,33.8611032,135.1719714,way,457201204,
陸上競技場,陸上競技場・トラック,和歌山県,,,,34.2631226,135.1508939,way,478278653,
多目的グラウンド,競技場,和歌山県,,,,33.482925,135.7844905,way,483024309,
白浜中学校グランド,陸上競技場・トラック,和歌山県,,,,33.6808633,135.3527833,way,550730186,
串本古座高校 運動場,陸上競技場・トラック,和歌山県,,,,33.4623726,135.7779802,way,629048950,
紀の川市桃源郷運動公園陸上競技場,陸上競技場・トラック,和歌山県,,,,34.2219633,135.3564664,way,1330239497,
倉吉市営陸上競技場,陸上競技場・トラック,鳥取県,,,,35.4277526,133.8269101,node,4461222603,
東山体育館,陸上競技場・トラック,鳥取県,,,,35.4302461,133.3465812,node,6132187137,
陸上競技場,陸上競技場・トラック,鳥取県,,,,35.4997444,134.1833122,way,358227005,
どらパーク米子スポーツ広場,陸上競技場・トラック,鳥取県,,,,35.429755,133.3527752,way,385793572,
補助グランド,陸上競技場・トラック,鳥取県,,,,35.4296898,133.3476261,way,385793580,
養和会YAJINフィールド,陸上競技場・トラック,鳥取県,,,,35.4469125,133.3076345,way,386289664,
陸上競技場,陸上競技場・トラック,鳥取県,,,,35.5061269,133.2252661,way,671823299,
どらパーク米子陸上競技場,陸上競技場・トラック,鳥取県,,,,35.4302713,133.349457,way,1074562265,
安来運動公園陸上競技場,陸上競技場・トラック,島根県,,,,35.4101817,133.2561697,node,5557908952,
益田市陸上競技場,陸上競技場・トラック,島根県,,,,34.6863552,131.853538,way,299628894,
益田市陸上競技場,陸上競技場・トラック,島根県,,,,34.6863612,131.8534939,way,299944982,
松江市立中央小学校 校庭,陸上競技場・トラック,島根県,,,,35.46178,133.0645011,way,318172959,
三成公園陸上競技場,陸上競技場・トラック,島根県,,,,35.1954239,132.9941899,way,465563166,
旧飯石小学校体育館,競技場,島根県,,,,35.2552652,132.8712845,way,1262248771,
大東ふれあい運動場陸上競技場,陸上競技場・トラック,島根県,,,,35.3227097,132.9516367,way,1285161620,
ゲートボール場,陸上競技場・トラック,島根県,,,,35.2323444,132.9897777,way,1292988094,
ゲートボール場,陸上競技場・トラック,島根県,,,,35.2323522,132.989558,way,1292988095,
ゲートボール場,陸上競技場・トラック,島根県,,,,35.2323616,132.9893515,way,1292988096,
市営陸上競技場,陸上競技場・トラック,島根県,,,,34.6863798,131.8535275,relation,9575954,
ダンロップタイヤテストコース,陸上競技場・トラック,岡山県,,,,35.0847146,134.1845326,node,4286150566,
倉敷運動公園陸上競技場,陸上競技場・トラック,岡山県,,,,34.5894514,133.7464732,way,274205293,
岡山武道館,競技場,岡山県,,,,34.6808662,133.9137669,way,303176382,
作東中学校グラウンド,陸上競技場・トラック,岡山県,,,,35.0127751,134.2235097,way,428462961,
岡山県笠岡陸上競技場,陸上競技場・トラック,岡山県,,,,34.5040334,133.4884256,way,440550128,
総社市北公園陸上競技場テニスコート,陸上競技場・トラック,岡山県,,,,34.697098,133.7481667,way,479221749,
総社市北公園陸上競技場テニスコート,陸上競技場・トラック,岡山県,,,,34.6970215,133.7485847,way,479221750,
総社市北公園陸上競技場テニスコート,陸上競技場・トラック,岡山県,,,,34.6969817,133.7490452,way,479221751,
総社北公園陸上競技場,陸上競技場・トラック,岡山県,,,,34.6961752,133.7476476,way,479221752,
多目的広場,陸上競技場・トラック,岡山県,,,,34.7667717,134.0219761,way,500050551,
田町保育園運動場,陸上競技場・トラック,岡山県,,,,35.0636435,134.0007344,way,543261618,
中道中学校運動場,陸上競技場・トラック,岡山県,,,,35.0851628,134.0207054,way,568400824,
多目的グラウンド,陸上競技場・トラック,岡山県,,,,35.0736054,134.2009466,way,602232744,
早島町南運動広場,陸上競技場・トラック,岡山県,,,,34.6012536,133.8296979,way,606561045,
奈義町総合運動公園多目的グラウンド,陸上競技場・トラック,岡山県,奈義町,奈義町 1074,7081312,35.1199982,134.1890302,way,613263782,
妹尾小学校第2グラウンド,陸上競技場・トラック,岡山県,,,,34.6114054,133.8658232,way,626707180,
二日市スポーツ広場公園,陸上競技場・トラック,岡山県,,,,34.6445816,133.9286493,way,666460634,
補助陸上競技場,陸上競技場・トラック,岡山県,,,,34.679697,133.914368,way,737737941,
補助陸上競技場,陸上競技場・トラック,岡山県,,,,34.6797321,133.9144577,relation,4036310,
岡山県津山陸上競技場,陸上競技場・トラック,岡山県,,,,35.0823549,134.0181279,relation,17888337,
トラック,陸上競技場・トラック,広島県,,,,34.3561717,132.3032699,way,113263614,
陸上競技場,陸上競技場・トラック,広島県,,,,34.3692946,132.1969801,way,135997178,
楽々園小学校グランド,陸上競技場・トラック,広島県,,,,34.3581285,132.3536641,way,233506190,
下グラウンド,陸上競技場・トラック,広島県,,,,34.3936671,132.4101574,way,398855293,
広島県立びんご運動公園陸上競技場,陸上競技場・トラック,広島県,尾道市,尾道市 997,722-0022,34.4349345,133.175453,way,407719994,https://bingo-sportspark.com/guide.html
江田島市総合運動公園,陸上競技場・トラック,広島県,,,,34.1952695,132.4655221,way,608808867,http://www.edc.etajima.hiroshima.jp/life/lifeinfr/progl19/progl19a.html
多目的グラウンド,陸上競技場・トラック,広島県,,,,34.2562789,132.5627814,way,609224179,
多目的グラウンド,陸上競技場・トラック,広島県,,,,34.2539387,132.5623159,way,609382580,
広島工業大学高校陸上競技場,陸上競技場・トラック,広島県,,,,34.3682073,132.3770521,way,718616984,
東広島運動公園 陸上競技場,陸上競技場・トラック,広島県,,,,34.3817254,132.7286287,relation,16271371,
周南市陸上競技場,陸上競技場・トラック,山口県,,,,34.0424764,131.8284739,way,92831965,
陸上競技場,陸上競技場・トラック,山口県,,,,34.1471588,131.4647518,way,119885916,
山口きらら博記念公園スポーツ広場,競技場,山口県,,,,34.00296,131.3709879,way,238680317,
恩田運動公園陸上競技場,陸上競技場・トラック,山口県,,,,33.9453807,131.271251,way,288447992,
補助競技場,陸上競技場・トラック,山口県,,,,34.0441593,131.8265646,way,353011778,
総合グラウンド,陸上競技場・トラック,山口県,,,,34.0250932,131.8852372,way,368915746,
東部運動広場,陸上競技場・トラック,山口県,,,,33.9295326,131.2590958,way,371835031,
維新百年記念公園陸上競技場,陸上競技場・トラック,山口県,,,,34.1544024,131.4374748,way,407965059,
第一グラウンド,陸上競技場・トラック,山口県,,,,34.158239,131.5238256,way,464623915,
第二グラウンド,陸上競技場・トラック,山口県,,,,34.1568371,131.5235164,way,464623916,
多目的広場,陸上競技場・トラック,山口県,,,,34.2088354,131.5054559,way,501856780,
第二多目的広場,陸上競技場・トラック,山口県,,,,34.2054826,131.5061063,way,501857118,
大海総合センター多目的運動場,陸上競技場・トラック,山口県,,,,34.0288193,131.4649542,way,562483984,
多目的広場,陸上競技場・トラック,山口県,,,,34.3581305,131.1799176,way,668009258,
小郡運動公園,陸上競技場・トラック,山口県,,,,34.1143572,131.3872311,way,949918373,
サン・ビレッジ周東,陸上競技場・トラック,山口県,,,,34.0792626,132.0472248,way,1062356115,
球技場,陸上競技場・トラック,山口県,,,,34.0244457,131.886819,way,1108296301,
運動広場,陸上競技場・トラック,山口県,,,,34.0628768,131.4362569,relation,7349740,
JAアグリあなん陸上競技場,陸上競技場・トラック,徳島県,,,,33.8653823,134.6034461,node,11952009540,
陸上競技場,陸上競技場・トラック,徳島県,,,,34.2054923,134.6054225,way,313200280,
徳島市民勝浦川運動広場,陸上競技場・トラック,徳島県,徳島市,徳島市 1-4,,34.0398096,134.5708973,way,316172725,
みなみらいグラウンド,陸上競技場・トラック,徳島県,,,,33.7347228,134.5322774,way,777484566,
運動場,陸上競技場・トラック,香川県,,,,34.2241522,133.7791318,way,412300535,
多目的広場,陸上競技場・トラック,香川県,,,,34.3081166,133.9517865,way,495458266,
香川県立丸亀競技場 補助競技場,陸上競技場・トラック,香川県,,,,34.2627005,133.7877218,relation,8821246,
グランド,陸上競技場・トラック,愛媛県,,,,33.9600836,133.2931725,way,422114359,
山根市民グラウンド,陸上競技場・トラック,愛媛県,,,,33.9224782,133.3099914,way,549868628,
新居浜市東雲競技場,陸上競技場・トラック,愛媛県,,,,33.960883,133.2985176,way,561516224,
多目的広場,陸上競技場・トラック,愛媛県,,,,33.2467873,132.683062,way,632050923,
伯方伊方グラウンド,陸上競技場・トラック,愛媛県,,,,34.2177903,133.0668957,way,714783695,
八幡浜市民スポーツセンター,陸上競技場・トラック,愛媛県,,,,33.4632725,132.4217627,way,751887767,
桜井スポーツランド陸上競技場,陸上競技場・トラック,愛媛県,,,,34.0091116,133.049287,way,806401798,
クロッケー練習場,陸上競技場・トラック,愛媛県,,,,33.3824885,132.424538,way,1290357197,
丸山公園 運動広場,陸上競技場・トラック,愛媛県,,,,33.2286164,132.5747687,way,1310978365,
ガイヤスタジアム,競技場,愛媛県,,,,33.2289711,132.579141,way,1310978371,
保手公園運動広場,陸上競技場・トラック,愛媛県,,,,33.2129445,132.5461054,way,1318029611,
多目的グラウンド,陸上競技場・トラック,愛媛県,,,,33.3103454,132.5968841,way,1318092043,
宮下ふれあい広場,陸上競技場・トラック,愛媛県,,,,33.2041795,132.5428726,way,1318938872,
高知県立春野総合運動公園陸上競技場,陸上競技場・トラック,高知県,,,,33.5112721,133.5027811,way,230426899,
補助グラウンド,陸上競技場・トラック,高知県,,,,32.9281299,132.6935108,way,492223420,
竹島グラウンド(土佐校グラウンド),陸上競技場・トラック,高知県,,,,33.5438627,133.5418237,way,500631892,
小郡市陸上競技場,陸上競技場・トラック,福岡県,,,,33.4109846,130.5689621,node,4457397493,
九大医系グラウンド,陸上競技場・トラック,福岡県,,,,33.6127894,130.4163663,way,107701296,
和白グラウンド,陸上競技場・トラック,福岡県,,,,33.697954,130.4408542,way,155884562,
多目的グラウンド,陸上競技場・トラック,福岡県,,,,33.5948933,130.2234796,way,165694606,
陸上競技場,陸上競技場・トラック,福岡県,,,,33.6004917,130.2086391,way,166558341,
平和台陸上競技場,陸上競技場・トラック,福岡県,,,,33.5874242,130.3830124,way,186514343,
福岡大学陸上競技場・陸上競技場地下駐車場,陸上競技場・トラック,福岡県,,,,33.5456401,130.3618925,way,190514645,
東平尾公園博多の森陸上競技場,陸上競技場・トラック,福岡県,,,,33.5845466,130.4657054,way,192161323,
新宮町 杜の宮グラウンド,陸上競技場・トラック,福岡県,,,,33.7146714,130.4396287,way,222205307,
第二グラウンド,陸上競技場・トラック,福岡県,,,,33.5815907,130.3784894,way,246315257,
第一グラウンド,陸上競技場・トラック,福岡県,,,,33.5805388,130.3772853,way,246315258,
北九州メディアドーム,競技場,福岡県,北九州市,北九州市 小倉北区 3丁目 1 1,802-0065,33.8721215,130.8876622,way,326929810,https://www.mediadome.jp/
サニックスイタルグリーンフィールド,陸上競技場・トラック,福岡県,,,,33.7978711,130.6346524,way,342044808,
久留米市陸上競技場,陸上競技場・トラック,福岡県,,,,33.3005772,130.5439816,way,500823532,
久留米市陸上競技場,陸上競技場・トラック,福岡県,,,,33.3197127,130.5292093,way,500826207,
平岡学園グラウンド,陸上競技場・トラック,福岡県,,,,33.4105838,130.5557935,way,540886902,
北九州市立本城陸上競技場,陸上競技場・トラック,福岡県,,,,33.8904343,130.7317342,way,665444342,
多目的広場,陸上競技場・トラック,福岡県,,,,33.3203552,130.7951402,way,755231609,
小郡市陸上競技場,陸上競技場・トラック,福岡県,,,,33.4110958,130.5690585,way,756934463,
多目的広場,陸上競技場・トラック,福岡県,,,,33.4126621,130.5690216,way,756934469,
みやこ町豊津陸上競技場,陸上競技場・トラック,福岡県,,,,33.6832467,130.9776427,way,984366981,
第1グラウンド,陸上競技場・トラック,福岡県,,,,33.5726548,130.3858079,way,1436414325,
第2グラウンド,陸上競技場・トラック,福岡県,,,,33.5717386,130.3843407,way,1436414326,
平和台陸上競技場 ウォームアップエリア,陸上競技場・トラック,福岡県,,,,33.5881463,130.3830117,way,1490150577,
グラウンド,陸上競技場・トラック,福岡県,,,,33.8915236,130.7155828,relation,8108325,
鳥栖市陸上競技場,陸上競技場・トラック,佐賀県,,,,33.3709618,130.4969922,node,6169991941,
白磁が丘相撲場,陸上競技場・トラック,佐賀県,,,,33.1946706,129.9114891,way,174462112,
第2競技場,陸上競技場・トラック,佐賀県,,,,33.276483,130.2894319,way,176759340,
多目的広場,陸上競技場・トラック,佐賀県,,,,33.1936267,130.318287,way,183799578,
北多久運動広場,陸上競技場・トラック,佐賀県,,,,33.2867012,130.1079519,way,252415100,
多目的運動広場,陸上競技場・トラック,佐賀県,,,,33.3465516,130.0032645,way,423415526,
福富多目的運動広場,陸上競技場・トラック,佐賀県,,,,33.1718768,130.2064496,way,554757665,
山村広場,陸上競技場・トラック,佐賀県,,,,33.4110128,130.2329877,way,681080698,
多目的運動場,陸上競技場・トラック,佐賀県,,,,33.4298202,130.5241844,way,854400319,
B&G海洋センター運動広場,陸上競技場・トラック,佐賀県,,,,33.0185696,130.1798068,way,1065808333,https://www.town.tara.lg.jp/koukyou/_1233.html
緑が丘運動広場,陸上競技場・トラック,佐賀県,,,,33.291019,130.0959711,way,1134447691,
南多久運動広場,陸上競技場・トラック,佐賀県,,,,33.271332,130.126212,way,1134447706,
納所運動広場,陸上競技場・トラック,佐賀県,,,,33.2579269,130.1688078,way,1134447748,
SAGAアリーナ,競技場,佐賀県,,,,33.2749807,130.2925781,way,1167993906,
玄海町総合運動場,陸上競技場・トラック,佐賀県,,,,33.4666527,129.8559117,way,1193798606,https://www.town.genkai.lg.jp/soshiki/11/1569.html
唐津市肥前総合運動場,陸上競技場・トラック,佐賀県,,,,33.4437803,129.8126233,way,1193923232,https://www.city.karatsu.lg.jp/sports/shisetsu/sports/hizentamokuteki.html
松浦運動広場,陸上競技場・トラック,佐賀県,,,,33.267203,129.9433104,way,1194046721,
運動場,陸上競技場・トラック,長崎県,,,,33.7535431,129.7208294,way,443023535,
南有馬運動公園グラウンド,陸上競技場・トラック,長崎県,,,,32.6352946,130.2436579,way,654632563,
島原市営陸上競技場,陸上競技場・トラック,長崎県,,,,32.7746879,130.3592952,way,675831286,
長崎市立小榊小学校,陸上競技場・トラック,長崎県,,長崎県長崎市みなと坂１丁目35-6,,32.7295522,129.8331287,way,758991357,
南部地区公園,陸上競技場・トラック,長崎県,,,,32.6999525,129.8611477,way,846327515,
口之津運動広場,陸上競技場・トラック,長崎県,,,,32.610932,130.1949763,way,1121006422,
多目的芝生広場,陸上競技場・トラック,長崎県,,,,32.6600092,130.3164858,way,1149621118,
多目的広場,陸上競技場・トラック,長崎県,,,,32.6186133,128.6146474,way,1415806628,
熊本県立大学 小峯グラウンド ジョギングロード,陸上競技場・トラック,熊本県,,,,32.7994251,130.7757528,way,138187451,
グラウンド（武夫原）,陸上競技場・トラック,熊本県,,,,32.8165581,130.7256378,way,222773896,
熊本県民総合運動公園陸上競技場,陸上競技場・トラック,熊本県,,,,32.8368543,130.800142,way,363934381,
走潟小学校グラウンド,陸上競技場・トラック,熊本県,,,,32.7055819,130.6470728,way,388864967,
益城町陸上競技場,陸上競技場・トラック,熊本県,,,,32.7869904,130.8243947,way,410302439,
荒尾市陸上競技場,陸上競技場・トラック,熊本県,,,,32.9810618,130.4646637,way,412030013,
グラウンド（武夫原）,陸上競技場・トラック,熊本県,,,,32.8175837,130.7257087,way,482833696,
グラウンド,陸上競技場・トラック,熊本県,,,,32.9808019,130.8175859,way,543626787,
グラウンド,陸上競技場・トラック,熊本県,,,,32.9917698,130.8159276,way,544502096,
グラウンド,陸上競技場・トラック,熊本県,,,,32.9912209,130.8184737,way,544503907,
陸上競技場,陸上競技場・トラック,熊本県,,,,32.2005305,130.3798453,way,563176478,
合志市中央運動公園,陸上競技場・トラック,熊本県,,,,32.8923227,130.7344067,way,1018739338,
荒尾市陸上競技場東広場,陸上競技場・トラック,熊本県,,,,32.9807341,130.4655171,way,1040723930,
運動場,陸上競技場・トラック,熊本県,,,,32.9355087,130.538237,way,1227711129,
大分市営陸上競技場,陸上競技場・トラック,大分県,,,,33.2460683,131.6231487,way,49093437,
ゲートボール場,陸上競技場・トラック,大分県,,,,33.251759,131.629863,way,185738460,
フェンシング場,陸上競技場・トラック,大分県,,,,33.2520036,131.6299398,way,185738462,
多目的グラウンド,陸上競技場・トラック,大分県,,,,33.1362158,131.7966786,way,738349950,
臼杵市立西中学校グラウンド,陸上競技場・トラック,大分県,,,,33.1200809,131.7849293,way,738349954,
レゾナックフィールド,陸上競技場・トラック,大分県,,,,33.2020175,131.6596808,way,738362553,
北運動場,陸上競技場・トラック,大分県,,,,32.9633294,131.9041557,way,925840971,
南運動場,陸上競技場・トラック,大分県,,,,32.9614193,131.904057,way,925840972,
濃霞グラウンド,陸上競技場・トラック,大分県,,,,32.974092,131.9073677,way,969271350,
佐伯中央病院陸上競技場,陸上競技場・トラック,大分県,,,,32.9313755,131.8709855,way,978675057,
サンマリンスタジアム宮崎,競技場,宮崎県,,,,31.8308087,131.4459048,way,88515419,
KIRISHIMA木の花ドーム,競技場,宮崎県,,,,31.8208032,131.4488462,way,88515422,
国富町運動公園,陸上競技場・トラック,宮崎県,,,,31.9906815,131.3217247,way,176660300,
陸上競技場,陸上競技場・トラック,宮崎県,,,,31.7271028,131.0790769,way,560375762,
日南市陸上競技場,陸上競技場・トラック,宮崎県,,,,31.6163528,131.3832081,way,704094460,
第2陸上競技場,陸上競技場・トラック,宮崎県,,,,31.8266411,131.4486518,way,709514068,
KIRISHIMAハイビスカス陸上競技場,陸上競技場・トラック,宮崎県,,,,31.8244108,131.44813,way,709553410,
陸上競技場,陸上競技場・トラック,宮崎県,,,,31.9450349,131.3781211,way,728058262,
Gパーク,陸上競技場・トラック,宮崎県,,,,32.6789038,131.20923,way,847355316,
総合グラウンド,陸上競技場・トラック,宮崎県,,,,32.4564107,131.1477799,way,1228830056,
串間市陸上競技場,陸上競技場・トラック,宮崎県,,,,31.466744,131.2183523,way,1318934646,
奄美市名瀬運動公園陸上競技場,陸上競技場・トラック,鹿児島県,,,,28.3945369,129.4743605,node,4548735903,
陸上競技場,陸上競技場・トラック,鹿児島県,,,,30.5289164,130.9686612,node,5268913015,
鹿児島県立鴨池陸上競技場,陸上競技場・トラック,鹿児島県,,,,31.5648954,130.5601671,way,187585719,
総合運動公園陸上競技場,陸上競技場・トラック,鹿児島県,,,,31.8536858,130.3023193,way,321241212,
太陽ヶ丘運動公園陸上競技場,陸上競技場・トラック,鹿児島県,,,,28.4432941,129.6984529,way,450981112,
鹿児島工業高等学校グラウンド,陸上競技場・トラック,鹿児島県,,,,31.6115773,130.5369092,way,603052434,
鹿児島女子高等学校グラウンド,陸上競技場・トラック,鹿児島県,,,,31.612163,130.5359594,way,955911719,
出水市総合運動公園陸上競技場,陸上競技場・トラック,鹿児島県,,,,32.0888621,130.3438739,way,1162007205,
具志頭運動公園 陸上競技場,陸上競技場・トラック,沖縄県,,,,26.1309713,127.7449798,node,4557688919,
奥武山陸上競技場,陸上競技場・トラック,沖縄県,,,,26.204541,127.6762535,way,53656610,
嘉手納町陸上競技場,陸上競技場・トラック,沖縄県,,,,26.3702672,127.7717115,way,147874452,
兵庫・沖縄 友愛グラウンド,陸上競技場・トラック,沖縄県,,,,26.2015324,127.6754373,way,150762666,
残波岬ボールパーク,陸上競技場・トラック,沖縄県,,,,26.4375258,127.7160119,way,161598509,
名護市営陸上競技場,陸上競技場・トラック,沖縄県,,,,26.5955671,127.9759825,way,164172642,
浦添市陸上競技場,陸上競技場・トラック,沖縄県,,,,26.2521579,127.7222125,way,183298381,
21世紀の森200mトラック,陸上競技場・トラック,沖縄県,,,,26.5925286,127.9704893,way,189164927,
国頭陸上競技場兼サッカー場,陸上競技場・トラック,沖縄県,,,,26.7251848,128.1622989,way,189164928,
沖縄市陸上競技場,陸上競技場・トラック,沖縄県,,,,26.3329682,127.7884842,way,189192556,http://kozaspo.jp/athleticsstadiummn.html
陸上競技場,陸上競技場・トラック,沖縄県,,,,26.3119231,127.7565901,way,189661714,
本部町陸上競技場,陸上競技場・トラック,沖縄県,,,,26.6749788,127.8950728,way,366040782,
21世紀の森公園ゲートボール場,陸上競技場・トラック,沖縄県,,,,26.5935508,127.9712135,way,374426103,
沖縄県総合運動公園陸上競技場,陸上競技場・トラック,沖縄県,沖縄市,沖縄市 5 3 1,,26.3086134,127.8211148,way,376390215,
記念運動場,陸上競技場・トラック,沖縄県,,,,26.2847459,127.8029768,way,380564617,
読谷村陸上競技場,陸上競技場・トラック,沖縄県,,,,26.3993247,127.7460192,way,397724548,
具志川ドーム,競技場,沖縄県,,,,26.3598383,127.8667863,way,421467294,
多種目競技場,陸上競技場・トラック,沖縄県,,,,26.3578399,127.8641718,way,421467296,
総合グラウンド,陸上競技場・トラック,沖縄県,,,,26.3554846,127.8663626,way,421467308,
総合体育館,競技場,沖縄県,,,,26.3565351,127.8652795,way,421467309,
糸満市西崎陸上競技場,陸上競技場・トラック,沖縄県,,,,26.1471072,127.6628041,way,541344326,
浦添市陸上競技場,陸上競技場・トラック,沖縄県,,,,26.2520903,127.7222307,way,541344372,
与那城総合公園・陸上競技場,陸上競技場・トラック,沖縄県,,,,26.3289175,127.9063486,way,550450582,
黄金森公園陸上競技場,陸上競技場・トラック,沖縄県,,,,26.1904621,127.7335375,way,554301989,
宮城屋外運動場,陸上競技場・トラック,沖縄県,,,,26.3255376,127.7514949,way,567448139,
沖縄アリーナ,競技場,沖縄県,,,,26.3328123,127.7835676,way,731931802,https://www.okinawa-arena.jp/
西原町民陸上競技場,陸上競技場・トラック,沖縄県,,,,26.2356673,127.7567183,way,857763653,
